,type,title,author,date,price,sales,review_num,review_score
0,[도서],불편한 편의점,김호연,2021년 04월,12600,1397976,379,9.2
1,[도서],원씽 THE ONE THING,게리 켈러,2013년 08월,12600,421068,133,8.7
2,[도서],방구석 미술관,조원재,2018년 08월,15120,92328,357,9.4
3,[도서],인스타 브레인,안데르스 한센,2020년 05월,13500,55128,61,9.1
4,[eBook],원씽,제이 파파산,2013년 08월,10000,33198,5,8.8
5,[eBook],불편한 편의점,김호연,2021년 05월,9800,70002,28,9.4
6,[도서],천 개의 파랑,천선란,2020년 08월,12600,84135,193,9.4
7,[도서],망원동 브라더스,김호연,2013년 07월,11700,65022,58,9.1
8,[도서],선량한 차별주의자,김지혜,2019년 07월,13500,63768,145,8.8
9,[도서],새는 날아가면서 뒤돌아보지 않는다,류시화,2017년 02월,12600,36591,109,9.4
10,[도서],피프티 피플,정세랑,2021년 08월,12600,41577,14,9.8
11,[도서],유령의 마음으로,임선우,2022년 03월,11700,12228,6,9.4
12,[도서],[예스리커버] 천 개의 파랑,천선란,2022년 11월,12600,13344,1,10.0
13,[도서],위로의 미술관,진병관,2022년 08월,16920,24291,64,9.7
14,[도서],말의 품격,이기주,2017년 05월,13050,24819,158,8.7
15,[도서],[예스리커버] 나는 불안할 때 논어를 읽는다,판덩,2022년 03월,16020,39993,159,9.6
16,[도서],나로서 충분히 괜찮은 사람,김재식,2022년 05월,14400,53544,68,9.8
17,[도서],김상욱의 양자 공부,김상욱,2017년 12월,16200,21348,28,8.8
18,[도서],경험의 함정,로빈 M. 호가스,2021년 03월,14850,7335,0,0
19,[도서],모스크바의 신사,에이모 토울스,2018년 06월,16200,17586,111,9.4
20,[도서],숲속의 자본주의자,박혜윤,2021년 06월,13500,17271,82,9.3
21,[도서],두 번째 지구는 없다,타일러 라쉬,2020년 07월,12600,49614,64,9.4
22,[도서],나는 매주 시체를 보러 간다,유성호,2019년 01월,16200,19155,155,9.0
23,[도서],고립의 시대,노리나 허츠,2021년 11월,19800,23394,11,9.7
24,[도서],"나는 풍요로웠고, 지구는 달라졌다",호프 자런,2020년 09월,13950,32319,65,9.6
25,[도서],심리학으로 읽는 그리스 신화,김상준,2016년 03월,12600,11049,25,9.4
26,[도서],그 겨울의 일주일,메이브 빈치,2018년 01월,13320,7683,112,9.0
27,[도서],"빌트, 우리가 지어올린 모든 것들의 과학",로마 아그라왈,2019년 08월,14400,5598,18,8.7
28,[도서],사람은 어떻게 생각하고 배우고 기억하는가,제레드 쿠니 호바스,2020년 03월,15300,33234,61,9.5
29,[도서],여덟 건의 완벽한 살인,피터 스완슨,2022년 04월,14220,16413,105,9.5
30,[도서],의사의 반란,신우섭,2013년 04월,12600,9003,14,9.4
31,[도서],실격당한 자들을 위한 변론,김원영,2018년 06월,14400,18198,44,9.3
32,[도서],연적,김호연,2015년 10월,11700,10416,35,9.1
33,[도서],음식의 언어,댄 주래프스키,2015년 03월,15300,3894,34,8.1
34,[도서],배움의 발견,타라 웨스트오버,2020년 01월,19800,10434,197,9.4
35,[도서],만약은 없다,남궁인,2016년 07월,12600,10665,69,8.7
36,[도서],애착 수업,오카다 다카시,2017년 12월,13500,6168,11,9.6
37,[도서],보이지 않는 것에 의미가 있다,김혜남,2021년 12월,14400,8856,31,9.6
38,[도서],개미와 공작,헬레나 크로닌,2016년 12월,31500,8928,2,8.0
39,[도서],질병이 바꾼 세계의 역사,로날트 D. 게르슈테,2020년 03월,15300,4392,41,9.1
40,[도서],"취향을 설계하는 곳, 츠타야",마스다 무네아키,2017년 11월,16020,5478,43,9.0
41,[도서],메트로폴리스,벤 윌슨,2021년 03월,24300,10392,69,9.6
42,[eBook],피프티 피플(개정판),정세랑,2021년 10월,9800,8322,5,10.0
43,[도서],포노 사피엔스,최재붕,2019년 03월,15120,9582,224,9.0
44,[도서],습관의 디테일,BJ 포그,2020년 10월,14400,7080,55,9.6
45,[도서],"우리, 이토록 작은 존재들을 위하여",사샤 세이건,2021년 06월,14400,6258,21,8.7
46,[도서],헌책방 기담 수집가,윤성근,2021년 12월,13500,7254,21,9.4
47,[도서],있지만 없는 아이들,은유,2021년 06월,13500,14001,32,9.6
48,[도서],82년생 김지영,조남주,2016년 10월,11700,7734,663,8.8
49,[도서],모든 것은 빛난다,휴버트 드레이퍼스,2013년 06월,14400,2118,32,8.8
50,[도서],나를 부르는 숲,빌 브라이슨,2018년 01월,12150,7014,32,9.4
51,[도서],"설탕, 세계를 바꾸다",마크 애론슨,2013년 09월,12600,3792,4,8.5
52,[도서],이끌지 말고 따르게 하라,김경일,2015년 07월,13500,9969,39,8.6
53,[도서],세상은 온통 화학이야,마이 티 응우옌 킴,2019년 09월,15120,12621,58,9.5
54,[eBook],선량한 차별주의자,김지혜,2019년 07월,10500,10422,37,9.5
55,[도서],1984,조지 오웰,2009년 12월,9900,4272,42,9.2
56,[eBook],유령의 마음으로,임선우,2022년 04월,9100,2310,0,0
57,[도서],소비의 역사,설혜심,2017년 08월,22500,2706,26,9.0
58,[도서],살아 있는 자를 수선하기,마일리스 드 케랑갈,2017년 06월,14220,7020,73,8.9
59,[eBook],천 개의 파랑,천선란,2020년 08월,9800,7506,20,9.4
60,[도서],요즘 애들,앤 헬렌 피터슨,2021년 10월,16200,11517,70,9.2
61,[도서],체리토마토파이,베로니크 드 뷔르,2019년 03월,13500,3273,10,8.5
62,[도서],바디 : 우리 몸 안내서,빌 브라이슨,2020년 01월,20700,9504,77,9.5
63,[도서],틀리지 않는 법,조던 엘렌버그,2016년 04월,22500,4800,22,8.5
64,[도서],"1일 1페이지, 세상에서 가장 짧은 교양 수업 365 : 인물편",데이비드 S. 키더,2020년 07월,14400,2526,49,9.4
65,[도서],나를 힘들게 한 건 언제나 나였다,데일 카네기,2021년 12월,11700,9312,12,10.0
66,[도서],뉴스의 시대,알랭 드 보통,2014년 07월,14250,3096,61,8.6
67,[도서],빛의 물리학,EBS 다큐프라임 「빛의 물리학」 제작팀,2014년 05월,14400,4536,46,8.8
68,[도서],백 살까지 유쾌하게 나이 드는 법,이근후,2019년 05월,13500,5364,38,9.5
69,[도서],한 스푼의 시간,구병모,2016년 09월,10800,6582,103,9.2
70,[도서],나는 미술관에 간다,김영애,2021년 01월,18000,4179,21,9.9
71,[도서],가족 공부,최광현,2022년 05월,14400,3792,9,9.8
72,[도서],미술관에 간 심리학,윤현희,2019년 04월,16020,3204,70,9.2
73,[도서],내가 공부하는 이유,사이토 다카시,2014년 06월,11700,2469,74,8.6
74,[도서],운명의 과학,한나 크리츨로우,2020년 04월,16920,7287,25,7.9
75,[도서],왜 세계의 가난은 사라지지 않는가,장 지글러,2019년 01월,11700,7122,47,8.9
76,[도서],"실례지만, 이 책이 시급합니다",이수은,2020년 10월,14400,2793,30,9.5
77,[도서],착한 소비는 없다,최원형,2020년 10월,11700,15900,20,8.5
78,[도서],마음은 괜찮냐고 시가 물었다,황인환,2021년 12월,13500,4353,36,9.8
79,[도서],부모라면 유대인처럼 하브루타로 교육하라,전성수,2012년 11월,11700,3060,59,9.3
80,[도서],"한 공기의 사랑, 아낌의 인문학",강신주,2020년 07월,16200,5088,29,9.6
81,[도서],천년의 수업,김헌,2020년 04월,14400,8697,115,9.4
82,[도서],내 인생에 용기가 되어준 한마디,정호승,2013년 01월,11700,4728,27,9.2
83,[도서],서른의 반격,손원평,2017년 10월,11250,5751,79,9.0
84,[도서],바람이 강하게 불고 있다,미우라 시온,2022년 01월,15120,4542,10,9.8
85,[eBook],망원동 브라더스,김호연,2016년 03월,9000,3186,5,9.6
86,[도서],풍덩!,우지현,2021년 06월,17820,4086,14,9.2
87,[도서],윤미네 집,전몽각,2010년 01월,25200,3564,38,9.5
88,[도서],다크 데이터,데이비드 핸드,2021년 10월,17100,3276,35,9.5
89,[도서],엘리트 세습,대니얼 마코비츠,2020년 11월,19800,5589,43,9.2
90,[도서],인류를 구한 12가지 약 이야기,정승규,2019년 05월,14400,4386,18,9.2
91,[도서],지구를 살리는 옷장,박진영,2022년 04월,12600,3747,66,9.7
92,[도서],빅 히스토리 BIG HISTORY,데이비드 크리스천,2013년 09월,13500,2622,57,8.7
93,[eBook],인스타 브레인,안데르스 한센,2020년 11월,10500,4728,0,0
94,[도서],예민한 사람을 위한 좋은 심리 습관,캐린 홀,2021년 10월,14400,2334,1,8.0
95,[도서],도시로 보는 동남아시아사,강희정,2022년 04월,16650,3978,2,9.5
96,[도서],마음의 미래,미치오 카쿠,2015년 04월,21600,3174,36,9.0
97,[도서],나는 천국을 보았다,이븐 알렉산더,2013년 04월,10800,5742,72,8.6
98,[도서],생명을 보는 마음,김성호,2020년 10월,19800,2811,16,9.9
99,[도서],"알고리즘, 인생을 계산하다 ",브라이언 크리스천,2018년 03월,18000,2427,20,8.8
100,[도서],딸에 대하여,김혜진,2017년 09월,11700,3657,76,9.1
101,[도서],전자정복,데릭 청,2015년 09월,15300,3351,0,0
102,[도서],백년식사,주영하,2020년 11월,18000,1242,19,9.6
103,[eBook],숲속의 자본주의자,박혜윤,2021년 06월,10500,1860,2,10.0
104,[도서],화성 탐사선을 탄 걸리버,곽재식,2022년 07월,14400,1572,26,9.7
105,[도서],코끝의 언어 ,주드 스튜어트,2022년 04월,17820,2292,43,9.9
106,[도서],기후변화의 심리학,조지 마셜,2018년 02월,16200,1968,4,9.0
107,[도서],모든 것은 그 자리에,올리버 색스,2019년 04월,17820,5118,16,9.4
108,[도서],인류를 식량 위기에서 구할 음식의 모험가들,아만다 리틀,2021년 01월,18000,1572,39,9.6
109,[도서],실험실의 진화,홍성욱,2020년 11월,14220,2514,20,9.6
110,[eBook],나를 부르는 숲,빌 브라이슨,2018년 12월,9500,1140,4,9.0
111,[도서],플라멩코 추는 남자,허태연,2021년 09월,12600,3627,129,8.9
112,[도서],불행은 어떻게 질병으로 이어지는가,네이딘 버크 해리스,2019년 11월,17820,2046,28,9.5
113,[도서],마음의 오류들 ,에릭 캔델,2020년 07월,21600,2424,21,9.8
114,[도서],하란사,권비영,2021년 07월,12600,1236,90,9.4
115,[도서],마음챙김 미술관,김소울,2022년 03월,15120,2880,55,9.8
116,[도서],잔류 인구,엘리자베스 문,2021년 10월,14400,2406,40,9.8
117,[도서],우주를 만지다,권재술,2020년 09월,14400,2646,89,9.4
118,[도서],청년 도배사 이야기,배윤슬,2021년 07월,10800,2607,17,9.3
119,[도서],숫자가 만만해지는 책,브라이언 W. 커니핸,2020년 04월,13500,1920,19,9.2
120,[도서],언제 올지 모를 희망 말고 지금 행복했으면,송정림,2022년 04월,13500,2580,27,9.6
121,[도서],소설처럼 아름다운 클래식 이야기,이채훈,2020년 04월,14400,1764,20,8.6
122,[eBook],새는 날아가면서 뒤돌아보지 않는다,류시화,2017년 02월,9800,1536,6,8.6
123,[도서],그럴수록 우리에겐 친구가 필요하다,이름트라우트 타르,2022년 03월,13500,1902,8,9.4
124,[도서],덕혜옹주,권비영,2015년 10월,12420,3114,28,9.2
125,[도서],세상물정의 사회학,노명우,2013년 12월,15120,1530,27,8.4
126,[도서],셈을 할 줄 아는 까막눈이 여자,요나스 요나손,2014년 07월,13320,1050,143,8.6
127,[eBook],방구석 미술관,조원재,2018년 08월,11000,2412,20,9.0
128,[도서],단어의 사연들,백우진,2018년 12월,11700,1356,20,9.0
129,[도서],송기원의 포스트 게놈 시대,송기원,2018년 10월,13500,1506,7,9.4
130,[도서],작은마음동호회,윤이형,2019년 08월,13050,840,12,8.6
131,[도서],천국보다 낯선,이장욱,2013년 12월,11700,918,34,8.9
132,[도서],상상이 현실이 되는 순간,조엘 레비,2020년 10월,15300,1617,36,9.6
133,[도서],식탁 위의 한국사,주영하,2013년 09월,26100,1464,10,8.4
134,[도서],퇴근길 클래식 수업,나웅준,2018년 12월,14400,1104,40,9.2
135,[도서],동화경제사,최우성,2018년 02월,13500,948,14,9.1
136,[도서],의사의 반란 (큰글자책),신우섭,2020년 09월,16200,1230,0,0
137,[도서],내가 정말 알아야 할 수학은 초등학교에서 모두 배웠다,최수일,2020년 02월,13500,906,42,9.7
138,[eBook],배움의 발견,타라 웨스트오버,2020년 01월,14000,1644,15,9.7
139,[도서],지방의 누명,홍주영,2017년 01월,14400,1368,49,9.4
140,[eBook],두 번째 지구는 없다,타일러 라쉬,2020년 07월,9800,4158,4,9.8
141,[도서],스페인은 가우디다,김희곤,2014년 09월,14400,1122,38,8.7
142,[도서],안녕을 위하여,이승연,2022년 09월,15300,945,23,9.5
143,[도서],숲은 고요하지 않다,마들렌 치게,2021년 04월,16200,3174,23,9.4
144,[도서],Z의 스마트폰,박준영,2022년 07월,16020,3948,38,9.8
145,[도서],8초 인류,리사 이오띠,2022년 04월,14400,888,25,9.5
146,[도서],사이언스 소믈리에,강석기,2013년 05월,13500,462,11,9.4
147,[eBook],나는 불안할 때 논어를 읽는다,판덩,2022년 03월,12460,180,0,0
148,[도서],찻잔 속 물리학,헬렌 체르스키,2018년 03월,15120,1806,34,8.8
149,[도서],줄리아나 도쿄,한정현,2019년 01월,13050,1770,8,9.8
150,[도서],곽재식의 세균 박람회,곽재식,2020년 02월,15120,1668,32,9.6
151,[도서],지속가능한 여행을 하고 있습니다,홀리 터펜,2021년 06월,15300,1908,29,9.6
152,[도서],하나도 괜찮지 않습니다,오찬호,2018년 01월,13050,1362,77,9.1
153,[도서],수학으로 생각하는 힘,키트 예이츠,2020년 07월,15120,2658,33,9.6
154,[도서],포스트트루스,리 매킨타이어,2019년 05월,14400,5265,13,9.5
155,[도서],사랑은 왜 아픈가,에바 일루즈,2013년 06월,27000,930,4,8.8
156,[도서],보이지 않는 영향력,조나 버거,2017년 03월,15750,1182,9,9.0
157,[도서],홀 The Hole,편혜영,2016년 03월,11700,1266,58,8.4
158,[eBook],딸에 대하여,김혜진,2017년 09월,9100,1146,35,8.7
159,[도서],북유럽 그림이 건네는 말   ,최혜진,2019년 01월,14220,1050,7,9.2
160,[도서],의심의 철학,이진우,2017년 04월,13500,930,19,7.7
161,[도서],우리는 차별에 찬성합니다,오찬호,2013년 12월,12600,2121,46,8.3
162,[도서],과일로 읽는 세계사,윤덕노,2021년 11월,15120,1896,55,9.8
163,[eBook],모스크바의 신사,에이모 토울스,2018년 07월,12600,1602,246,8.5
164,[도서],세계사를 바꾼 전염병 13가지,제니퍼 라이트,2020년 03월,18000,1608,13,8.4
165,[eBook],헌책방 기담 수집가,윤성근,2022년 01월,10500,8244,255,9.4
166,[도서],나의 다정하고 무례한 엄마,이남옥,2020년 06월,13500,2208,31,9.9
167,[도서],직장이 없는 시대가 온다,새라 케슬러,2019년 02월,14850,2214,44,8.5
168,[도서],그래도 우리의 나날,시바타 쇼,2018년 12월,13050,900,15,8.4
169,[eBook],세상은 온통 화학이야,김민경,2019년 09월,13400,2016,0,0
170,[도서],"천천히, 스미는",버지니아 울프,2016년 09월,13500,7482,9,8.4
171,[도서],세계 최고의 인재들은 왜 기본에 집중할까,도쓰카 다카마사,2014년 02월,11700,1698,55,8.1
172,[도서],글쓰는 삶을 위한 일 년,수전 티베르기앵,2016년 07월,13500,522,4,8.8
173,[도서],내 사랑 모드,랜스 울러버,2018년 09월,15300,1650,11,8.3
174,[도서],인스타그램에는 절망이 없다,정지우,2020년 01월,13500,1374,15,8.7
175,[도서],법정에서 못다 한 이야기,박형남,2021년 11월,14400,1392,1,8.0
176,[도서],약국에 없는 약 이야기,박성규,2019년 10월,14400,1302,21,9.6
177,[도서],우리 집에 화학자가 산다,김민경,2019년 03월,13500,3795,9,9.6
178,[도서],4차 산업혁명을 이끌 IT 과학이야기,이재영,2017년 07월,15300,1164,3,9.0
179,[도서],수면 밸런스,한진규,2016년 12월,12420,1152,42,8.6
180,[eBook],의사의 반란,신우섭,2015년 02월,8400,756,4,8.8
181,[eBook],고립의 시대,노리나 허츠,2021년 11월,15500,1764,0,0
182,[도서],언컨택트,김용섭,2020년 04월,16200,678,40,8.5
183,[도서],"나는, 휴먼",주디스 휴먼,2022년 03월,15300,2712,24,9.7
184,[eBook],내 인생에 용기가 되어준 한마디,정호승,2018년 01월,8190,378,0,0
185,[도서],감정 폭력,베르너 바르텐스,2019년 09월,13500,1530,35,9.1
186,[eBook],나는 매주 시체를 보러 간다,유성호,2019년 02월,12800,1476,10,8.6
187,[도서],무지와 편견의 세계사,헨드리크 빌렘 반 룬,2018년 01월,19800,294,24,8.7
188,[도서],명작 뒤에 숨겨진 사랑,이동연,2016년 11월,15120,276,20,9.0
189,[도서],미술관에 간 물리학자,서민아,2020년 02월,16200,3027,29,9.4
190,[도서],은하환담 ,곽재식,2022년 03월,13500,1140,1,10.0
191,[도서],경제학자의 인문학 서재,박정호,2020년 02월,16650,1344,27,8.8
192,[도서],회계는 어떻게 역사를 지배해왔는가,제이컵 솔,2016년 04월,19800,1302,5,8.6
193,[도서],삶은 속도가 아니라 방향이다,수영,2022년 01월,13500,888,0,0
194,[도서],"건축가, 빵집에서 온 편지를 받다",나카무라 요시후미,2013년 09월,13410,858,21,8.3
195,[도서],리얼 월드 러닝,김하늬,2021년 08월,14400,4386,18,9.7
196,[eBook],미루기의 천재들,앤드루 산텔라,2019년 02월,9600,1632,5,8.4
197,[도서],"뭐든지, 호르몬!",이토 히로시,2016년 08월,12150,462,0,0
198,[도서],나에게 오늘을 선물합니다,김나위,2022년 06월,15120,432,0,0
199,[eBook],만약은 없다,남궁인,2016년 08월,9800,972,5,7.8
200,[도서],우린 다르게 살기로 했다,조현,2018년 08월,18000,1686,29,9.6
201,[도서],햇빛의 선물,안드레아스 모리츠,2016년 06월,11520,3402,10,9.3
202,[도서],"눈물의 땅, 팔레스타인",김재명,2019년 05월,19800,1200,3,10.0
203,[도서],오늘 뭐 먹지?,권여선,2018년 05월,12420,1002,27,9.0
204,[도서],조선 직장인 열전,신동욱,2019년 11월,13500,918,27,8.9
205,[도서],세 갈래 길,래티샤 콜롱바니,2017년 12월,12420,981,73,9.4
206,[도서],사랑은 그렇게 끝나지 않는다,줄리언 반스,2014년 05월,11520,564,55,8.1
207,[도서],우리는 미래에 조금 먼저 도착했습니다,아누 파르타넨,2017년 06월,15120,786,20,9.2
208,[도서],결국 Z세대가 세상을 지배한다,김용섭,2021년 08월,16200,1878,23,9.9
209,[eBook],마음의 오류들,에릭 캔델,2020년 07월,16800,534,0,0
210,[도서],위장환경주의,카트린 하르트만,2018년 12월,15300,3288,9,9.7
211,[eBook],습관의 디테일,BJ 포그,2020년 12월,12800,1110,4,9.3
212,[도서],내 이름은 욤비,욤비 토나,2013년 01월,14850,2010,14,9.2
213,[eBook],우리 집에 화학자가 산다,김민경,2019년 04월,10500,1278,0,0
214,[도서],"70세 사망법안, 가결",가키야 미우,2018년 10월,13500,1374,42,8.8
215,[도서],뉴런하우스,김정규,2018년 03월,14400,738,26,8.9
216,[도서],어른답게 삽시다,이시형,2019년 08월,12600,1104,34,9.6
217,[도서],쉬어도 피곤한 사람들,이시형,2018년 03월,13320,984,11,8.7
218,[도서],인공지능 시대가 두려운 사람들에게 ,리처드 왓슨,2017년 12월,15300,678,13,9.0
219,[eBook],나는 생각이 너무 많아,크리스텔 프티콜랭,2014년 05월,10360,588,9,7.5
220,[도서],모두 너와 이야기하고 싶어 해,은모든,2020년 05월,11700,972,21,8.8
221,[도서],아티스트 인사이트 : 차이를 만드는 힘,정인호,2021년 05월,15300,516,11,9.6
222,[도서],한국인은 왜 이렇게 먹을까?,주영하,2018년 01월,19800,984,12,8.6
223,[도서],뇌 이야기,딘 버넷,2018년 06월,16200,750,13,8.7
224,[도서],그림 속 천문학,김선지,2020년 06월,15300,1740,42,9.6
225,[도서],"가구, 집을 갖추다",김지수,2022년 02월,16200,2568,23,9.9
226,[도서],내일,기욤 뮈소,2013년 12월,12420,1422,88,8.8
227,[도서],"지금 여기, 무탈한가요?",오찬호,2020년 08월,13500,4623,15,9.4
228,[도서],균형이라는 삶의 기술,이진우,2020년 12월,14400,1551,22,9.3
229,[eBook],82년생 김지영,조남주,2016년 12월,9100,2346,175,9.1
230,[eBook],말의 품격,이기주,2017년 06월,10150,1272,7,7.3
231,[도서],한국 정원 기행,김종길,2020년 06월,15300,1686,20,9.6
232,[도서],"잠깐 애덤 스미스 씨, 저녁은 누가 차려줬어요?",카트리네 마르살,2017년 02월,13500,936,29,9.0
233,[도서],모든 것의 기원,데이비드 버코비치,2017년 10월,15750,942,30,8.7
234,[도서],굿 퀘스천,아와즈 교이치로,2018년 06월,12150,837,11,9.5
235,[도서],명화들이 말해주는 그림 속 드레스 이야기,이정아,2018년 12월,18000,822,5,9.2
236,[도서],차의 시간을 걷다,김세리,2020년 07월,16200,408,10,9.2
237,[eBook],불과 나의 자서전,김혜진,2021년 08월,9100,294,0,0
238,[도서],소르본 철학 수업,전진,2020년 08월,13500,282,22,9.5
239,[eBook],위로의 미술관,진병관,2022년 08월,13160,564,0,0
240,[도서],체육관으로 간 뇌과학자,웬디 스즈키,2019년 06월,15300,1734,26,9.0
241,[도서],뒤통수의 심리학,마리아 코니코바,2018년 04월,16200,510,20,8.7
242,[도서],임파워링하라,박창규,2017년 04월,13500,534,2,7.5
243,[도서],이반 오소킨의 인생 여행,공경희,2014년 10월,12420,150,59,8.4
244,[도서],오래된 서울,최종현,2013년 03월,18000,1608,3,8.7
245,[도서],슬픔의 위로,메건 더바인,2020년 03월,14400,426,4,9.6
246,[eBook],쉬어도 피곤한 사람들,이시형,2018년 05월,10000,270,1,10.0
247,[eBook],여덟 건의 완벽한 살인,피터 스완슨,2022년 04월,13500,2490,4,8.1
248,[도서],책벌레와 메모광,정민,2015년 10월,13500,1044,29,8.8
249,[도서],새벽까지 희미하게,정미경,2018년 01월,11700,234,9,9.6
250,[eBook],오직 두 사람,김영하,2017년 06월,9100,1194,29,8.7
251,[도서],관계 수업,데이비드 번즈,2015년 02월,13500,1206,35,9.0
252,[도서],그림자 효과,디팩 초프라,2017년 02월,14000,948,0,0
253,[도서],혼자가 좋다,프란치스카 무리,2018년 05월,13500,372,9,8.1
254,[도서],쓰레기에 관한 모든 것,피에로 마틴,2020년 07월,17100,762,20,9.7
255,[도서],"안녕하세요, 시간입니다 ",슈테판 클라인,2017년 06월,13500,666,18,8.5
256,[도서],두려움의 재발견,로버트 마우어,2016년 09월,3240,660,14,8.8
257,[도서],세계에서 가장 자극적인 나라,짐 로저스,2019년 05월,14400,600,45,8.6
258,[eBook],인류를 식량 위기에서 구할 음식의 모험가들,아만다 리틀,2021년 06월,14000,204,0,0
259,[도서],心 스틸러,이현종,2015년 01월,13500,366,5,7.6
260,[도서],인생 우화,류시화,2018년 07월,14400,1572,103,9.3
261,[eBook],혼자가 좋다,프란치스카 무리,2018년 06월,11000,120,3,10.0
262,[eBook],찻잔 속 물리학,헬렌 체르스키,2018년 03월,11760,414,0,0
263,[도서],자연에는 이야기가 있다,조홍섭,2013년 12월,12600,120,2,8.5
264,[eBook],일본인 심리 상자,유영수,2016년 12월,11000,132,0,0
265,[eBook],2030 기회의 대이동,최윤식,2014년 08월,8820,60,1,10.0
266,[eBook],"[epub3.0] 의심의 철학 - 비트겐슈타인, 언어를 의심하다",이진우,2019년 03월,1500,372,1,10.0
267,[eBook],실격당한 자들을 위한 변론,김원영,2018년 06월,11200,2532,11,9.8
268,[eBook],살아 있는 자를 수선하기,마일리스 드 케랑갈,2017년 08월,11500,1428,322,9.2
269,[eBook],"나는, 휴먼",주디스 휴먼,2022년 03월,11900,288,0,0
270,[도서],우리가 날씨다,조너선 사프란 포어,2020년 10월,14400,1326,18,9.1
271,[eBook],감염병 인류,박한선,2021년 04월,14000,228,0,0
272,[도서],화려한 화학의 시대,프랭크 A. 폰 히펠,2021년 11월,20700,3840,2,8.5
273,[도서],조르바를 춤추게 하는 글쓰기,이윤기,2013년 10월,12420,168,28,8.7
274,[eBook],"나는 풍요로웠고, 지구는 달라졌다",호프 자런,2020년 09월,9720,3336,6,9.4
275,[도서],커피 얼룩의 비밀,송현수,2018년 11월,13500,1008,12,8.8
276,[eBook],엘리트 세습,대니얼 마코비츠,2021년 02월,15400,918,1,9.0
277,[도서],목소리를 삼킨 아이,파리누쉬 사니이,2020년 08월,13500,1017,14,9.6
278,[도서],낯선 삼일운동,정병욱,2022년 02월,15300,738,0,0
279,[도서],어머니학교,이정록,2012년 10월,9900,696,45,9.1
280,[도서],불과 나의 자서전,김혜진,2020년 03월,11700,522,35,9.1
281,[eBook],왜 세계의 가난은 사라지지 않는가,장 지글러,2019년 02월,10000,558,6,9.0
282,[도서],제4의 식탁,임재양,2018년 11월,12420,510,16,8.6
283,[도서],흙의 학교,기무라 아키노리,2015년 01월,11700,444,5,9.6
284,[도서],식물 심고 그림책 읽으며 아이들과 열두 달,이태용,2021년 11월,16200,420,2,7.0
285,[도서],허수아비 일기,싼마오,2021년 05월,13500,390,18,9.7
286,[도서],"그건, 사랑이었네",한비야,2009년 07월,10800,426,373,9.1
287,[도서],도서관을 떠나는 책들을 위하여,오수완,2020년 04월,11700,468,18,9.1
288,[도서],세계를 발칵 뒤집은 판결 31,L. 레너드 케스터,2014년 05월,18000,342,18,9.4
289,[도서],맛의 천재,알레산드로 마르초 마뇨,2016년 06월,20700,318,9,9.5
290,[도서],오전을 사는 이에게 오후도 미래다,이국환,2019년 09월,13500,1524,8,9.7
291,[도서],매혹하는 식물의 뇌,스테파노 만쿠소,2016년 05월,14400,972,14,9.2
292,[eBook],메트로폴리스,벤 윌슨,2021년 02월,18900,996,2,9.0
293,[도서],카이사르의 마지막 숨,샘 킨,2021년 08월,18000,1140,33,9.8
294,[도서],유전자는 네가 한 일을 알고 있다,이충호,2015년 09월,17100,888,4,7.0
295,[도서],엄마의 죽음은 처음이니까 ,권혁란,2020년 01월,12600,978,5,9.8
296,[도서],보이지 않는 침입자들의 세계,신의철,2021년 03월,15300,912,35,9.8
297,[도서],동물의 무기,더글러스 엠린,2018년 06월,17550,888,22,9.0
298,[eBook],"우리, 이토록 작은 존재들을 위하여",사샤 세이건,2021년 07월,12000,816,0,0
299,[eBook],나는 천국을 보았다,이븐 알렉산더,2016년 08월,7560,720,1,6.0
300,[도서],고규홍의 한국의 나무 특강,고규홍,2012년 11월,20700,750,2,10.0
301,[도서],저도 과학은 어렵습니다만,이정모,2018년 01월,13500,2202,28,8.2
302,[eBook],뉴스의 시대,알랭 드 보통,2014년 10월,11300,504,5,7.8
303,[도서],감정은 패턴이다,랜디 타란,2019년 08월,14400,528,10,9.7
304,[도서],권영민 교수의 문학 콘서트,권영민,2017년 03월,13500,510,0,0
305,[도서],새의 감각,팀 버케드,2015년 02월,18000,468,11,8.8
306,[eBook],소비의 역사,설혜심,2018년 01월,17500,432,3,8.6
307,[도서],"일상, 과학다반사",심혜진,2019년 12월,14220,474,33,9.3
308,[도서],채소의 인문학,정혜경,2017년 06월,15300,480,1,7.0
309,[도서],나는 클림트를 보면 베토벤이 들린다,권순훤,2014년 01월,14400,648,5,8.8
310,[eBook],위장환경주의,카트린 하르트만,2019년 10월,14000,354,0,0
311,[도서],문어의 영혼,사이 몽고메리,2017년 06월,15200,372,4,8.3
312,[도서],식물학자의 식탁,스쥔,2019년 06월,15750,312,35,9.2
313,[도서],방관시대의 사람들,류전윈,2019년 10월,13500,276,0,0
314,[도서],포크를 생각하다,비 윌슨,2013년 12월,18000,252,6,9.0
315,[도서],알아두면 쓸모있는 신박한 조직생활 가이드,전충렬,2020년 06월,14400,204,2,9.0
316,[도서],세계문학여행,김한식,2015년 04월,19800,171,3,9.0
317,[eBook],내가 정말 알아야 할 수학은 초등학교에서 모두 배웠다,최수일,2020년 03월,10500,138,5,9.0
318,[도서],실은 나도 식물이 알고 싶었어,안드레아스 바를라게,2020년 03월,15120,1242,28,9.6
319,[도서],더 월,존 란체스터,2020년 04월,11700,1260,21,8.9
320,[도서],일본인 심리 상자,유영수,2016년 08월,14220,1308,10,9.3
321,[도서],미루기의 천재들,앤드루 산텔라,2019년 02월,12420,4146,13,8.0
322,[eBook],그 겨울의 일주일,메이브 빈치,2018년 03월,9360,588,7,9.0
323,[도서],오늘도 이상한 사람 때문에 힘들었습니다,정희정,2020년 09월,13500,528,18,9.3
324,[도서],데이비드 버커스 경영의 이동,데이비드 버커스,2016년 09월,13500,618,20,8.9
325,[도서],지구별 생태사상가,황대권,2020년 11월,17100,642,6,10.0
326,[도서],전쟁사에서 건진 별미들,윤덕노,2016년 09월,12600,450,28,8.7
327,[도서],5년 후 나는 어디에 있을 것인가,이용덕,2020년 06월,15300,612,23,8.9
328,[도서],아름다움의 진화,리처드 프럼,2019년 04월,22500,432,15,9.4
329,[도서],이명현의 과학책방,이명현,2018년 09월,15300,372,1,10.0
330,[도서],보이는 경제학 안 보이는 경제학,헨리 해즐릿,2020년 01월,14400,396,15,9.5
331,[도서],한나 아렌트,알로이스 프린츠,2019년 09월,13500,378,26,9.4
332,[도서],칼 세이건의 말,칼 에드워드 세이건,2016년 12월,15750,396,3,8.0
333,[도서],애쓰다 지친 나를 위해,서덕,2019년 11월,12420,444,25,9.5
334,[도서],바벨탑 공화국,강준만,2019년 02월,13500,372,48,9.1
335,[도서],철학으로 현대음악 읽기,박영욱,2018년 12월,17100,342,0,0
336,[도서],국경의 도서관,황경신,2015년 12월,12420,294,53,8.7
337,[도서],당신이 최고의 교사입니다,레이프 에스퀴스,2014년 05월,14400,300,4,9.8
338,[도서],법에도 심장이 있다면,박영화,2019년 08월,13500,336,20,9.2
339,[도서],뇌과학자들,샘 킨,2016년 07월,18000,228,20,9.4
340,[eBook],내일,기욤 뮈소,2013년 12월,9000,258,5,9.6
341,[eBook],체육관으로 간 뇌과학자,웬디 스즈키,2019년 06월,11900,258,0,0
342,[도서],인정의 시대,문성훈,2014년 12월,19800,186,1,8.0
343,[도서],시간은 왜 흘러가는가,앨런 버딕,2017년 12월,24300,162,3,10.0
344,[eBook],언어 공부,롬브 커토,2017년 10월,12000,210,1,8.0
345,[도서],혼자가 편한 당신에게   ,이와이 도시노리,2018년 04월,12600,126,5,7.8
346,[eBook],나의 페르시아어 수업,마리암 마지디,2018년 04월,7200,114,2,9.0
347,[도서],감염병 인류,박한선,2021년 04월,18000,1428,19,9.2
348,[도서],탄소 문명,사토 겐타로,2015년 03월,13500,1212,6,9.4
349,[도서],핀란드 사람들은 왜 중고가게에 갈까?,박현선,2019년 11월,15120,1266,26,9.1
350,[eBook],바디 : 우리 몸 안내서,빌 브라이슨,2020년 01월,16100,948,7,9.5
351,[도서],디어 에번 핸슨,밸 에미치,2019년 05월,13050,1080,20,9.2
352,[eBook],요즘 애들,앤 헬렌 피터슨,2021년 11월,12600,1890,3,8.3
353,[도서],한국의 미학,최광진,2015년 09월,20000,786,2,8.0
354,[도서],초고령사회 일본에서 길을 찾다,김웅철,2017년 10월,15120,861,5,7.2
355,[도서],시시콜콜한 조선의 일기들,박영서,2021년 04월,13500,738,32,9.6
356,[도서],유품정리사,정명섭,2019년 05월,12600,765,29,9.2
357,[도서],보라색 히비스커스,치마만다 응고지 아디치에,2019년 06월,13500,606,48,9.4
358,[도서],소년이로,편혜영,2019년 04월,11700,564,11,8.9
359,[도서],코로나 이후의 교육을 말하다,김용,2021년 06월,14400,888,5,10.0
360,[도서],탈세의 세계사,오무라 오지로,2019년 12월,15300,540,1,8.0
361,[eBook],직장이 없는 시대가 온다,새라 케슬러,2019년 02월,13200,528,1,8.0
362,[도서],동물에게 배우는 노년의 삶,앤 이니스 대그,2016년 07월,15120,408,1,8.0
363,[eBook],"알고리즘, 인생을 계산하다",브라이언 크리스천,2018년 03월,14000,408,3,8.0
364,[도서],진 브로디 선생의 전성기,뮤리얼 스파크,2018년 02월,10350,420,5,8.6
365,[도서],궁궐로 떠나는 힐링여행 창경궁,이향우,2014년 05월,13500,444,21,9.3
366,[도서],언더그라운드 레일로드,콜슨 화이트헤드,2017년 09월,12600,498,55,8.8
367,[eBook],[대여] 방구석 미술관,조원재,2018년 08월,8400,408,20,9.0
368,[도서],기쁨의 정원,조병준,2016년 06월,15300,468,9,9.4
369,[도서],공간을 말하다,이상호,2020년 03월,16200,390,8,9.9
370,[도서],생각한다면 과학자처럼,데이비드 헬펀드,2017년 09월,16200,396,35,9.2
371,[도서],"릴리에게, 할아버지가",앨런 맥팔레인,2015년 07월,12600,336,3,9.4
372,[eBook],가족 공부,최광현,2022년 07월,11200,312,0,0
373,[도서],무엇을 먹고 어떻게 분배할 것인가,발렌틴 투른,2017년 05월,18000,426,0,0
374,[도서],클락 댄스 ,앤 타일러,2019년 11월,13320,288,75,9.4
375,[eBook],감정 폭력,베르너 바르텐스,2019년 09월,10500,300,189,8.4
376,[도서],내가 우울한 건 다 오스트랄로피테쿠스 때문이야,박한선,2018년 11월,12600,222,4,8.3
377,[도서],음식으로 보는 미래 과학,마티 조프슨,2019년 05월,13500,420,11,9.0
378,[도서],어느 날 문득 경제공부를 해야겠다면,김경민,2020년 06월,14400,228,0,0
379,[eBook],낯선 삼일운동,정병욱,2022년 08월,11900,204,0,0
380,[도서],풀빵이 어때서?,김학찬,2013년 05월,11700,888,3,8.0
381,[도서],노라와 모라,김선재,2020년 11월,13500,144,78,9.4
382,[도서],검은 수련,미셸 뷔시,2015년 02월,12420,168,68,8.6
383,[도서],간디의 편지,마하트마 간디,2018년 01월,7200,174,7,8.5
384,[도서],잡담의 인문학,토머스 W,2017년 07월,15300,168,23,9.4
385,[eBook],미토콘드리아의 기적,김자영,2017년 07월,9800,144,0,0
386,[eBook],보이지 않는 침입자들의 세계,신의철,2021년 04월,13600,144,1,10.0
387,[도서],발도르프 육아예술,이정희,2017년 01월,12600,1446,5,9.6
388,[도서],세계문학 브런치,정시몬,2016년 11월,16200,180,16,9.3
389,[도서],잃어버린 본성을 찾아서,김형근,2015년 10월,17100,114,0,0
390,[eBook],목소리를 삼킨 아이,파리누쉬 사니이,2022년 01월,10500,96,0,0
391,[도서],에피소드 음악사,크리스티아네 테빙켈,2014년 09월,14400,150,2,8.5
392,[도서],오색섭생,홍영재,2013년 10월,22500,120,10,9.1
393,[eBook],"[epub3.0] 의심의 철학 - 베냐민, 예술을 의심하다",이진우,2019년 03월,1500,108,0,0
394,[도서],나도 그렇게 생각한다,프리츠 브라이트하우프트,2019년 06월,15300,120,42,9.0
395,[도서],37°C 의 비밀,Uwe Karstadt,2017년 02월,10800,96,29,9.1
396,[eBook],"공부, 삽질하지 마라!",황상민,2016년 12월,9100,120,0,0
397,[도서],남은 생의 첫날,비르지니 그리말디,2015년 09월,12420,84,53,9.0
398,[도서],마음에 지지 않는 용기,김이율,2015년 08월,12600,84,8,9.3
399,[도서],보라선 열차와 사라진 아이들,디파 아나파라,2021년 11월,14220,1164,81,9.4
400,[도서],날씨로 돈 버는 남자,반기성,2014년 09월,17820,60,1,10.0
401,[도서],"쓰레기, 문명의 그림자",카트린 드 실기,2014년 02월,16200,84,1,10.0
402,[도서],누가 이슬람을 지배하는가,류광철,2016년 11월,13500,72,2,6.5
403,[eBook],서른의 반격,손원평,2017년 10월,8750,918,5,9.4
404,[eBook],사람은 어떻게 생각하고 배우고 기억하는가,제레드 쿠니 호바스,2022년 02월,13600,954,0,0
405,[도서],상냥한 폭력의 시대,정이현,2016년 10월,12600,969,42,8.5
406,[eBook],애착 수업,오카다 다카시,2017년 12월,11200,822,1,10.0
407,[eBook],포스트트루스,리 매킨타이어,2019년 08월,11200,714,0,0
408,[도서],김변의 방과 후 법률사무소,김민철,2019년 04월,13500,750,12,9.6
409,[도서],현대 한국어로 철학하기,신우승,2022년 02월,11700,1800,1,8.0
410,[도서],소년은 어떻게 과학자가 되었나,오구리 히로시,2022년 06월,14850,666,0,0
411,[도서],나는 슈뢰딩거의 고양이로소이다,원종우,2019년 12월,12240,738,9,7.7
412,[도서],어웨이크,피터 홀린스,2019년 09월,12600,582,11,8.9
413,[eBook],잔류 인구,엘리자베스 문,2021년 10월,12000,558,1,10.0
414,[도서],로스트 심벌 2,댄 브라운,2009년 12월,11250,522,21,8.1
415,[eBook],질병이 바꾼 세계의 역사,로날트 D. 게르슈테,2020년 03월,11900,498,1,8.0
416,[도서],"세상을 바꾼 기술, 기술을 만든 사회",김명진,2019년 11월,15300,498,5,9.4
417,[eBook],지구를 살리는 옷장,박진영,2022년 04월,9800,456,0,0
418,[도서],취향의 경제,유승호,2021년 11월,16200,486,2,8.5
419,[도서],디자인은 어떻게 세상을 만들어가는가,스콧 버쿤,2021년 01월,14400,366,13,8.9
420,[eBook],마음의 미래,미치오 카쿠,2015년 04월,14400,414,5,8.2
421,[eBook],숫자가 만만해지는 책,브라이언 W. 커니핸,2020년 04월,10500,390,0,0
422,[eBook],나로서 충분히 괜찮은 사람,김재식,2022년 08월,11200,402,1,10.0
423,[도서],약한 게 아니라 아팠던 것이다,권순재,2019년 12월,13500,384,30,9.7
424,[도서],개와 사람의 행복한 동행을 위한 한 뼘 더 깊은 지식,마크 베코프,2019년 01월,17820,414,15,8.7
425,[도서],생각의 융합,김경집,2015년 03월,14850,414,34,9.3
426,[도서],"철학자의 음악서재, C#",최대환,2020년 10월,14850,402,8,8.7
427,[eBook],음식의 언어,댄 주래프스키,2015년 04월,11000,306,15,8.6
428,[도서],"뫼르소, 살인 사건",카멜 다우드,2017년 01월,11520,306,16,8.9
429,[도서],나의 반려동물도 나처럼 행복할까,데이비드 미치,2019년 04월,14400,300,1,10.0
430,[도서],밀레니얼은 어떻게 배우고 일하며 성장하는가,이상준,2020년 10월,13320,258,1,10.0
431,[eBook],미술관에 간 물리학자,서민아,2020년 02월,12600,258,1,10.0
432,[도서],과학의 민중사,클리퍼드 코너,2014년 01월,29700,234,0,0
433,[도서],"공부, 삽질하지 마라!",이은주,2016년 11월,11700,240,8,9.6
434,[도서],시네마 클래식,김성현,2015년 01월,13300,294,2,9.0
435,[eBook],있지만 없는 아이들,은유,2021년 08월,10500,1260,1,10.0
436,[도서],꿈꾸는 시인,나태주,2015년 02월,14400,174,1,8.0
437,[도서],옛 그림에도 사람이 살고 있네,이일수,2014년 04월,15300,168,24,9.2
438,[도서],"안녕, 인간 ",해나 프라이,2019년 07월,15120,1332,22,9.2
439,[도서],경이로운 수 이야기,알브레히트 보이텔슈프라허,2022년 03월,13320,996,0,0
440,[도서],숨을 참다,김종진,2022년 03월,16200,840,4,10.0
441,[도서],우주의 끝에서 철학하기,마크 롤랜즈,2014년 10월,16200,1992,16,8.6
442,[도서],너무 재밌어서 잠 못 드는 지구의 과학,신규진,2018년 04월,13500,786,16,9.1
443,[eBook],한 스푼의 시간,구병모,2016년 09월,8400,720,10,8.7
444,[도서],미토콘드리아의 기적,김자영,2016년 11월,12600,768,20,9.0
445,[eBook],개미와 공작,헬레나 크로닌,2016년 12월,28000,606,1,10.0
446,[eBook],포노 사피엔스,최재붕,2019년 03월,11760,612,12,7.6
447,[도서],"국보, 역사의 명장면을 담다",배한철,2020년 11월,15300,534,39,9.4
448,[eBook],"빌트, 우리가 지어올린 모든 것들의 과학",로마 아그라왈,2019년 09월,11000,540,2,8.5
449,[도서],배를 엮다,미우라 시온,2013년 04월,12150,516,65,8.5
450,[도서],끌리는 것들의 비밀,윤정원,2018년 11월,13410,492,28,9.4
451,[도서],로스트 심벌 1,댄 브라운,2009년 12월,11250,504,74,8.2
452,[eBook],송기원의 포스트 게놈 시대,송기원,2019년 06월,12000,492,0,0
453,[도서],라멘이 과학이라면,가와구치 도모카즈,2019년 04월,13500,504,9,8.3
454,[도서],삶은 어떻게 예술이 되는가,김형수,2015년 09월,11700,420,27,9.3
455,[도서],나는 왜 똑같은 생각만 할까,데이비드 니븐,2016년 05월,12420,408,18,8.9
456,[도서],걸작과 졸작 사이,김이산,2020년 10월,28800,534,2,9.5
457,[도서],멀리 가려면 함께 가라,이종선,2009년 08월,12600,594,49,7.6
458,[도서],의자의 배신,바이바 크레건리드,2020년 03월,25200,417,6,9.2
459,[eBook],"실례지만, 이 책이 시급합니다",이수은,2020년 11월,11200,318,1,8.0
460,[도서],시민의 물리학,유상균,2018년 08월,14850,342,1,8.0
461,[eBook],기후변화의 심리학,조지 마셜,2018년 02월,12600,318,0,0
462,[도서],도둑의 도시 가이드 ,제프 마노,2018년 06월,13500,372,35,8.6
463,[eBook],Z의 스마트폰 ,박준영,2022년 07월,12460,372,0,0
464,[도서],깃털,소어 핸슨,2013년 07월,16200,324,8,8.9
465,[도서],실력의 배신,박남기,2018년 12월,18000,1551,11,9.7
466,[도서],수영하는 여자들,리비 페이지,2018년 08월,12600,336,15,8.7
467,[도서],그 무렵 누군가,히가시노 게이고,2014년 04월,12420,360,28,8.1
468,[도서],아인슈타인의 주사위와 슈뢰딩거의 고양이,김성훈,2016년 12월,19800,300,3,9.4
469,[도서],조선의 밥상머리 교육 ,김미라,2018년 12월,13500,312,14,8.8
470,[도서],앙,두리안 스케가와,2015년 11월,10800,276,11,9.1
471,[도서],"건축, 근대소설을 거닐다",김소연,2020년 10월,14400,276,3,9.4
472,[도서],십대들의 중독,김미숙,2020년 01월,12600,390,4,9.6
473,[도서],새들의 천재성,제니퍼 애커먼,2017년 08월,18000,276,1,9.0
474,[도서],어릴 적 그 책,곽아람,2013년 12월,15300,252,16,9.2
475,[eBook],커피 얼룩의 비밀,송현수,2019년 02월,9000,252,1,10.0
476,[도서],파스타로 맛보는 후룩후룩 이탈리아 역사,이케가미 슌이치,2015년 09월,12600,342,8,8.6
477,[도서],과학은 놀이다,최원석,2014년 05월,13500,240,12,8.3
478,[도서],땜장이 의사의 국경 없는 도전,김용민,2019년 07월,13500,1269,0,0
479,[eBook],코끝의 언어,주드 스튜어트,2022년 05월,13900,204,0,0
480,[도서],월요일 아침의 심리학,하유진,2019년 04월,13500,240,16,9.4
481,[도서],꾸역꾸역이 뭐 어때서!,윤진오,2021년 02월,12600,156,3,10.0
482,[도서],청년 흙밥 보고서,변진경,2018년 12월,11700,168,1,8.0
483,[도서],두 사람의 역사,헬게 헤세,2018년 11월,14850,192,35,9.4
484,[eBook],뉴런하우스,김정규,2018년 05월,11200,168,0,0
485,[도서],디어 에드워드,앤 나폴리타노,2020년 08월,13500,156,43,9.3
486,[eBook],곽재식의 세균 박람회,곽재식,2022년 08월,9900,168,0,0
487,[eBook],탈세의 세계사,오무라 오지로,2020년 01월,12000,168,4,8.3
488,[도서],만년의 집,강상중,2019년 12월,11700,156,13,9.2
489,[도서],펭귄과 리바이어던,요차이 벤클러(요하이 벤클러),2013년 10월,14850,156,7,8.6
490,[도서],당신의 완벽한 1년,비프케 로렌츠,2017년 01월,13320,168,111,9.0
491,[eBook],지구의 밥상,구정은,2016년 05월,10500,78,0,0
492,[도서],탐욕의 울타리,박병상,2014년 11월,13500,144,2,8.5
493,[도서],청춘을 달리다 ,배순탁,2014년 11월,12150,120,56,8.7
494,[도서],나는 열등한 나를 사랑한다,최원호,2019년 12월,12600,120,10,9.8
495,[도서],우리가 농부로 살 수 있을까,종합재미상사,2018년 04월,13500,84,2,9.0
496,[eBook],운명의 과학,한나 크리츨로우,2020년 05월,11700,834,3,7.4
497,[도서],잠자는 추억들,파트릭 모디아노,2022년 03월,12600,798,0,0
498,[도서],넥스트 그린 레볼루션,조원경,2021년 07월,16200,726,14,9.4
499,[eBook],나를 힘들게 한 건 언제나 나였다,데일 카네기,2021년 12월,8200,678,0,0
500,[eBook],틀리지 않는 법,조던 엘렌버그,2016년 05월,16200,666,10,8.9
501,[도서],코로나 시대의 역발상 트렌드,민병운,2021년 07월,16200,636,27,9.8
502,[도서],최고의 수학자가 사랑한 문제들,이언 스튜어트,2020년 09월,15210,588,0,0
503,[도서],옆집의 나르시시스트,제프리 클루거,2016년 03월,15680,522,6,9.0
504,[도서],당신이 남긴 증오,앤지 토머스,2018년 10월,13500,606,70,9.4
505,[도서],영화로 만나는 치유의 심리학,김준기,2009년 07월,12420,606,113,9.0
506,[eBook],모든 것은 그 자리에,올리버 색스,2019년 11월,13860,510,0,0
507,[도서],남극에서 대한민국까지,김태훈,2021년 01월,13500,474,67,9.8
508,[도서],불편하면 따져봐,국가인권위원회,2014년 12월,12420,534,5,8.4
509,[도서],느림보 마음,문태준,2018년 03월,11700,480,0,0
510,[도서],그림 속 경제학,문소영,2014년 06월,14850,480,46,8.9
511,[eBook],예민한 사람을 위한 좋은 심리 습관,캐린 홀,2022년 02월,11200,426,0,0
512,[eBook],다크 데이터,데이비드 핸드,2021년 10월,15200,450,0,0
513,[도서],조선의 위기 대응 노트,김준태,2021년 08월,14400,450,2,6.5
514,[도서],즐겁지 않으면 인생이 아니다,린 마틴,2014년 07월,13320,450,26,8.5
515,[도서],삶의 무기가 되는 심리학,레온 빈트샤이트,2019년 07월,14400,546,4,8.6
516,[도서],세상을 바꾼 다섯 가지 상품 이야기,홍익희,2015년 06월,17100,378,46,9.1
517,[도서],내가 아무것도 아닐까 봐,박상아,2018년 09월,12420,390,24,9.6
518,[도서],과학자가 되는 방법,남궁석,2018년 08월,14250,396,1,9.0
519,[도서],우유보다 뇌과학,만프레드 슈피처,2020년 08월,12600,372,24,9.6
520,[도서],거의 떠나온 상태에서 떠나오기,데이비드 포스터 월리스,2020년 04월,13500,378,7,9.6
521,[도서],귀소본능,베른트 하인리히,2017년 11월,16200,372,21,8.7
522,[도서],호박 목걸이,메리 린리 테일러,2014년 03월,17550,378,22,7.8
523,[eBook],"한 공기의 사랑, 아낌의 인문학",강신주,2022년 05월,12600,402,0,0
524,[eBook],"70세 사망법안, 가결",가키야 미우,2018년 10월,10500,354,6,8.8
525,[도서],루시의 발자국,후안 호세 미야스,2021년 05월,14400,378,1,9.0
526,[도서],잠깐 머리 좀 식히고 오겠습니다,윤대현,2018년 06월,15300,342,11,9.0
527,[도서],존스 할아버지의 낡은 여행 가방,앤디 앤드루스,2018년 04월,12420,342,39,9.3
528,[도서],어두운 숲,니콜 크라우스,2020년 06월,13050,384,7,9.2
529,[eBook],불행은 어떻게 질병으로 이어지는가,네이딘 버크 해리스,2019년 12월,14850,342,2,10.0
530,[도서],식물의 힘,스티븐 리츠,2017년 09월,18000,342,13,9.0
531,[도서],정도전과 그의 시대 ,이덕일,2014년 01월,10800,318,15,9.3
532,[도서],진시황 강의,왕리췬,2013년 10월,19800,342,25,9.0
533,[도서],문학은 노래다,제갈인철,2015년 09월,12600,852,0,0
534,[도서],세계를 정복한 식물들,스티븐 해리스,2020년 08월,14250,288,16,9.5
535,[eBook],"1일 1페이지, 세상에서 가장 짧은 교양 수업 365 : 인물편",데이비드 S. 키더,2020년 07월,11200,306,3,8.7
536,[eBook],"취향을 설계하는 곳, 츠타야",마스다 무네아키,2017년 11월,11900,270,1,4.0
537,[도서],인간 증발,레나 모제,2017년 08월,13500,306,28,8.3
538,[eBook],"안녕, 인간",해나 프라이,2019년 07월,10530,306,0,0
539,[도서],먹는 인간,헨미 요,2017년 03월,14400,270,10,8.9
540,[eBook],"잠깐 애덤 스미스 씨, 저녁은 누가 차려줬어요?",카트리네 마르살,2017년 02월,10500,282,6,9.4
541,[eBook],공간이 사람을 움직인다,콜린 엘러드,2016년 11월,13600,282,0,0
542,[eBook],홀 The Hole,편혜영,2016년 09월,9000,222,9,8.7
543,[eBook],1984,조지 오웰,2012년 10월,7700,234,0,0
544,[eBook],모두 너와 이야기하고 싶어 해 - 오늘의 젊은 작가 27,은모든,2020년 06월,9100,246,1,10.0
545,[eBook],나는 슈뢰딩거의 고양이로소이다,원종우,2020년 03월,9600,222,2,9.0
546,[eBook],천년의 수업,김헌,2020년 04월,11200,222,4,9.3
547,[도서],128호실의 원고,카티 보니당,2020년 03월,13500,246,49,9.3
548,[도서],21세기 화폐전쟁,노르베르트 헤링,2019년 11월,15300,258,0,0
549,[eBook],작은마음동호회,윤이형,2019년 08월,10200,222,3,10.0
550,[도서],미래 공부,박성원,2019년 08월,15200,504,2,9.5
551,[eBook],백 살까지 유쾌하게 나이 드는 법,이근후,2019년 05월,10000,234,0,0
552,[도서],"일의 미래, 무엇이 바뀌고 무엇이 오는가",선대인,2017년 03월,14220,258,78,8.6
553,[도서],지구의 밥상,구정은,2016년 01월,12600,180,3,9.0
554,[eBook],악의,정해연,2016년 01월,8400,174,0,0
555,[도서],초협력사회,피터 터친,2018년 10월,17100,210,7,9.5
556,[eBook],관계 수업,데이비드 번즈,2015년 02월,10800,198,0,0
557,[eBook],스페인은 가우디다,김희곤,2014년 09월,11200,174,1,10.0
558,[도서],컨셔스,문성림,2020년 07월,13320,186,52,9.3
559,[eBook],세계 최고의 인재들은 왜 기본에 집중할까,도쓰카 다카마사,2014년 02월,9100,174,1,9.0
560,[도서],뒤뜰에 골칫거리가 산다 ,황선미,2014년 03월,13500,222,31,8.9
561,[eBook],언더그라운드 레일로드,콜슨 화이트헤드,2017년 09월,9800,198,12,8.6
562,[도서],르몽드 비판 경제학,르몽드 디플로마티크,2019년 09월,18000,198,8,9.8
563,[eBook],우리는 미래에 조금 먼저 도착했습니다,아누 파르타넨,2017년 06월,11000,174,0,0
564,[eBook],우아한 관찰주의자,에이미 E. 허먼,2017년 06월,12950,174,1,10.0
565,[도서],환생 블루스,마이클 푸어,2019년 07월,14850,186,25,9.3
566,[eBook],소년이로,편혜영,2019년 06월,9100,156,2,10.0
567,[도서],동화 넘어 인문학,조정현,2017년 04월,11700,276,33,8.8
568,[eBook],도시로 보는 동남아시아사,강희정,2022년 05월,12900,174,2,9.0
569,[도서],법 앞의 예술,조채영,2019년 02월,12150,192,3,8.6
570,[도서],기적을 일으키는 베개의 힘,야마다 슈오리,2015년 10월,10350,126,27,8.3
571,[도서],언제까지나 내성적으로 살겠다,에비스 요시카즈,2019년 03월,11700,162,19,8.2
572,[eBook],백년식사,주영하,2020년 12월,14000,138,0,0
573,[eBook],과일로 읽는 세계사,윤덕노,2021년 11월,11500,138,0,0
574,[eBook],조선의 위기 대응 노트,김준태,2021년 08월,11200,126,0,0
575,[도서],금척,김종록,2018년 10월,13320,186,1,10.0
576,[도서],라이딩 인생,고선미,2018년 10월,16920,138,9,9.6
577,[eBook],칼 세이건의 말,칼 에드워드 세이건,2017년 06월,12000,150,0,0
578,[eBook],풍덩!,우지현,2021년 07월,13860,150,0,0
579,[eBook],과학자가 되는 방법,남궁석,2018년 09월,10500,138,0,0
580,[eBook],식탁 위의 한국사,주영하,2015년 01월,20300,162,1,10.0
581,[도서],서울 건축 만담,최준석,2014년 11월,17100,126,3,7.0
582,[eBook],오늘 뭐 먹지?,권여선,2018년 05월,9600,108,2,10.0
583,[도서],열다섯 마리 개,앙드레 알렉시스,2020년 09월,12600,126,21,9.0
584,[도서],미친 발상법 발상 전환편,김광희,2018년 06월,14850,138,11,9.4
585,[도서],나는 아직도 사람이 어렵다,강은호,2014년 10월,14060,150,10,8.6
586,[도서],오늘도 흔들리는 중입니다,이재영,2020년 07월,12420,162,29,9.2
587,[도서],통과비자,안나 제거스,2014년 08월,11700,138,5,9.6
588,[eBook],300번의 A매치,최주영,2014년 04월,9800,150,0,0
589,[도서],시인 신경림,이경자,2017년 08월,10800,150,10,9.5
590,[도서],내가 하늘에서 떨어졌을 때,율리아네 쾨프케,2019년 09월,13500,138,28,9.5
591,[도서],산책자의 인문학,문갑식,2019년 09월,14400,138,40,9.4
592,[도서],문근식의 잠수함 세계,문근식,2013년 10월,19800,168,2,7.0
593,[eBook],우리들의 변호사,박준영,2019년 08월,10500,150,0,0
594,[eBook],우종학 교수의 블랙홀 강의,우종학,2019년 07월,9900,150,0,0
595,[eBook],8초 인류,리사 이오띠,2022년 04월,11200,126,0,0
596,[도서],나는 매일 엄마와 밥을 먹는다,정성기,2016년 12월,12420,150,5,9.8
597,[eBook],보통 사람들의 전쟁,앤드루 양,2019년 02월,12800,150,0,0
598,[도서],평행 우주 속의 소녀,아일린 폴락,2015년 12월,16200,78,2,8.0
599,[eBook],누가 내 이름을 이렇게 지었어?,오스카르 아란다,2021년 03월,10500,78,0,0
600,[도서],가능한 최선의 세계,이바르 에클랑,2016년 08월,18520,102,2,8.0
601,[도서],왕과 아들,한명기,2013년 04월,11700,114,24,8.7
602,[도서],개인은 역사를 바꿀 수 있는가,마거릿 맥밀런,2016년 05월,16200,78,1,4.0
603,[도서],영국에서 사흘 프랑스에서 나흘 ,박상현,2016년 05월,12600,48,7,9.2
604,[도서],이야기 우리문화,김진섭,2016년 03월,24300,90,8,8.3
605,[도서],한국사에 감동하다,원유상,2015년 04월,11520,78,17,9.2
606,[도서],불안해 보여서 불안한 당신에게,한창욱,2021년 08월,13500,114,8,9.6
607,[도서],행복만을 보았다,그레구아르 들라쿠르,2015년 03월,12420,114,61,9.0
608,[eBook],"그때, 맥주가 있었다",이상원,2018년 06월,12000,114,0,0
609,[도서],미드 보다 과학에 빠지다,안드레아 젠틸레,2018년 03월,13050,99,0,0
610,[eBook],진 브로디 선생의 전성기,뮤리얼 스파크,2018년 02월,8100,102,1,6.0
611,[도서],2030 기회의 대이동,최윤식,2014년 08월,13320,90,37,8.6
612,[eBook],시간 전쟁,로라 밴더캠,2020년 03월,12800,114,1,10.0
613,[도서],모서리의 탄생,신주희,2018년 02월,12150,78,14,8.6
614,[eBook],실은 나도 식물이 알고 싶었어,안드레아스 바를라게,2020년 03월,11700,90,0,0
615,[도서],시간은 어떻게 돈이 되었는가?,류동민,2018년 02월,12600,114,1,9.0
616,[eBook],어쨌든 미술은 재밌다,박혜성,2018년 02월,9450,78,0,0
617,[eBook],내가 공부하는 이유,사이토 다카시,2014년 06월,10000,90,3,8.6
618,[eBook],사랑은 그렇게 끝나지 않는다,줄리언 반스,2014년 05월,8900,78,0,0
619,[도서],역사로 남은 조선의 살인과 재판,이번영,2013년 12월,13500,114,11,8.5
620,[도서],도공 서란,손정미,2019년 09월,12600,84,1,10.0
621,[도서],도시기획자들,천호균,2013년 11월,13500,102,10,9.0
622,[도서],우리의 남극 탐험기,김근우,2017년 07월,11700,78,38,8.8
623,[eBook],"[epub3.0] 의심의 철학 - 아렌트, 정치를 의심하다",이진우,2019년 03월,1500,102,3,7.7
624,[도서],안나푸르나에서 밀크티를 마시다,정지영,2017년 04월,13500,78,19,8.8
625,[도서],오브 아프리카,월레 소잉카,2017년 02월,14400,102,2,9.5
626,[eBook],맛의 천재,알레산드로 마르초 마뇨,2016년 06월,18400,78,0,0
627,[도서],오래된 디자인,박현택,2016년 12월,13500,90,0,0
628,[eBook],명화들이 말해주는 그림 속 드레스 이야기,이정아,2019년 03월,17000,90,0,0
629,[도서],나에게 더 잘해주고 싶다,정은길,2019년 03월,13050,114,16,9.8
630,[eBook],시간은 어떻게 돈이 되었는가?,류동민,2018년 12월,9800,90,0,0
631,[eBook],그래도 우리의 나날,시바타 쇼,2019년 01월,9500,84,1,9.0
632,[도서],마음의 감기,루이제 레더만,2015년 11월,13500,42,4,8.8
633,[도서],고양이 철학자 루푸스,안드레아스 슐리퍼,2013년 06월,12600,54,27,8.4
634,[도서],먼지 먹는 개,손솔지,2016년 06월,11520,54,17,8.9
635,[eBook],플랫폼의 눈으로 세상을 보라,김기찬,2016년 06월,9800,42,1,7.0
636,[도서],엄마도 힘들어,문경보,2013년 04월,12420,24,17,9.1
637,[eBook],상상하기 어려운 존재에 관한 책,캐스파 헨더슨,2015년 04월,17500,54,1,10.0
638,[도서],장우진의 종횡무진 미술 오디세이,장우진,2015년 03월,18000,54,9,9.2
639,[eBook],허수아비 일기,싼마오,2021년 07월,10800,42,0,0
640,[도서],나는 그곳에서 행복을 만납니다,홍상만,2015년 01월,13320,42,48,8.8
641,[eBook],정조처럼 소통하라,정창권,2018년 08월,10500,54,0,0
642,[eBook],걸작과 졸작 사이,김이산,2021년 05월,22000,66,0,0
643,[도서],너 음악회 가봤니?,류준하,2009년 11월,20700,66,11,9.4
644,[eBook],이규보의 화원을 거닐다,홍희창,2020년 07월,11200,54,0,0
645,[도서],마카로니 프로젝트,김솔,2018년 02월,11700,24,0,0
646,[eBook],예술의 사생활,노승림,2017년 11월,11000,66,0,0
647,[eBook],땜장이 의사의 국경 없는 도전,김용민,2019년 12월,10000,54,0,0
648,[오디오북],발도르프 육아예술,이정희,2022년 07월,6000,66,0,0
649,[도서],"달팽이 더듬이 위에서 티격태격, 와우각상쟁",권오길,2013년 09월,13050,42,0,0
650,[eBook],"[epub3.0] 의심의 철학 - 프로이트, 의식을 의심하다",이진우,2019년 03월,1500,54,0,0
651,[eBook],생명윤리와 법의 이해,박수헌,2019년 03월,15000,42,0,0
652,[eBook],상냥한 사람,윤성희,2019년 06월,10500,66,1,10.0
653,[eBook],위험한 시간 여행,조이스 캐롤 오츠,2019년 05월,10900,54,2,9.5
654,[도서],위대한 탐험의 숨은 영웅 톰 크린,마이클 스미스,2017년 03월,14850,42,19,9.4
655,[eBook],도서관을 떠나는 책들을 위하여,오수완,2020년 04월,9100,54,0,0
656,[오디오북],실격당한 자들을 위한 변론,김원영,2018년 06월,14400,42,0,0
657,[도서],이것은 왜 직업이 아니란 말인가,박정훈,2019년 01월,11700,822,11,9.2
658,[도서],요즘 것들과 옛날 것들의 세대 공존의 기술,허두영,2019년 10월,13050,792,35,9.5
659,[eBook],수학으로 생각하는 힘,키트 예이츠,2020년 08월,11700,552,35,8.3
660,[도서],당신의 4분 33초,이서수,2020년 07월,11700,606,12,9.0
661,[도서],시간이 멈춘 방,고지마 미유,2020년 08월,10800,564,43,9.8
662,[도서],머지않아 이별입니다,나가쓰키 아마네,2020년 07월,12600,504,52,9.6
663,[eBook],인류를 구한 12가지 약 이야기,정승규,2019년 06월,11000,492,5,7.6
664,[도서],심리학의 힘 P,전우영,2010년 01월,12420,468,26,9.5
665,[eBook],나의 다정하고 무례한 엄마,이남옥,2020년 06월,10500,444,1,10.0
666,[도서],소설에서 만난 사회학,조주은,2019년 03월,15000,432,0,0
667,[도서],보통 사람들의 전쟁,앤드루 양,2019년 01월,14400,492,29,9.3
668,[도서],누가 내 이름을 이렇게 지었어?,오스카르 아란다,2020년 11월,13500,384,3,9.4
669,[eBook],우리가 날씨다,조너선 사프란 포어,2020년 11월,11200,384,0,0
670,[도서],브랜드 인문학,김동훈,2018년 10월,16200,426,12,9.2
671,[도서],작은 동네,손보미,2020년 07월,12600,384,12,9.0
672,[도서],파리의 열두 풍경,조홍식,2016년 04월,15120,360,5,9.4
673,[도서],아주 경제적인 하루,박정호,2017년 04월,14400,336,18,9.3
674,[도서],나는 감이 아니라 데이터로 말한다,신현호,2019년 02월,14220,474,8,8.4
675,[eBook],"지금 여기, 무탈한가요?",오찬호,2021년 02월,10500,288,0,0
676,[도서],국경 없는 괴짜들,신창범,2013년 03월,11700,312,7,8.0
677,[도서],위대하고 찌질한 경제학의 슈퍼스타들,브누아 시마,2016년 02월,13500,288,22,8.7
678,[eBook],플라멩코 추는 남자,허태연,2021년 09월,9800,312,1,10.0
679,[도서],하루 5분의 초록,한수정,2018년 10월,12150,294,2,9.0
680,[도서],리치 파머,김철수,2018년 07월,14400,288,2,8.5
681,[도서],미술관보다 풍부한 러시아 그림 이야기,김희은,2019년 11월,21850,306,1,10.0
682,[도서],코로나 이후 생존 도시,홍윤철,2021년 04월,14400,300,19,9.5
683,[도서],동물을 위해 책을 읽습니다,김보경,2021년 01월,11700,264,2,9.0
684,[도서],"자동차, 시대의 풍경이 되다",이문석,2016년 04월,19800,270,1,10.0
685,[eBook],주문을 틀리는 요리점,오구니 시로,2018년 08월,9800,240,2,9.5
686,[도서],앨런 튜링,B. 잭 코플랜드,2014년 10월,13320,240,1,8.0
687,[eBook],세계사를 바꾼 전염병 13가지,제니퍼 라이트,2020년 04월,15000,276,0,0
688,[eBook],빛의 물리학,EBS 다큐프라임 「빛의 물리학」 제작팀,2014년 08월,12000,240,2,9.0
689,[도서],"닥터 셰퍼드, 죽은 자들의 의사",리처드 셰퍼드,2019년 11월,16650,282,10,9.1
690,[도서],상냥한 사람,윤성희,2019년 06월,13500,252,12,8.9
691,[eBook],덕혜옹주 (개정판),권비영,2016년 07월,9600,192,12,8.5
692,[도서],인크루서파이,스테파니 K. 존슨,2020년 11월,15300,210,1,8.0
693,[도서],쓸모인류 ,빈센트,2018년 11월,13410,222,33,9.5
694,[도서],무한을 넘어서,유지니아 쳉,2018년 10월,16200,246,0,0
695,[도서],뉴노멀 교양수업,필리프 비옹뒤리,2020년 10월,14220,192,13,9.0
696,[도서],화가는 무엇으로 그리는가,이소영,2018년 07월,15750,228,6,9.0
697,[eBook],한복 입은 남자,이상훈,2014년 12월,10500,192,0,0
698,[도서],제명 공주 세트,이상훈,2018년 05월,24300,192,10,8.8
699,[도서],잠시 멈춘 세계 앞에서,이영석,2020년 08월,12510,210,1,10.0
700,[도서],데이터 프라이버시,니혼게이자이신문 데이터경제취재반,2020년 06월,13320,276,23,9.3
701,[eBook],하나도 괜찮지 않습니다,오찬호,2018년 01월,10000,192,3,8.0
702,[eBook],약국에 없는 약 이야기,박성규,2019년 11월,9600,216,1,10.0
703,[도서],무심하게 산다,가쿠타 미쓰요,2017년 03월,10800,228,39,8.8
704,[eBook],은하환담,곽재식,2022년 03월,10500,228,0,0
705,[eBook],현대 한국어로 철학하기,신우승,2022년 02월,9000,156,2,8.0
706,[도서],보이지 않는 것들,로이 야콥센,2021년 03월,12780,168,11,9.4
707,[eBook],햇빛의 선물,안드레아스 모리츠,2016년 07월,8900,240,0,0
708,[eBook],4차 산업혁명을 이끌 IT 과학이야기,이재영,2022년 01월,13600,144,0,0
709,[eBook],균형이라는 삶의 기술,이진우,2020년 12월,12000,144,0,0
710,[eBook],실험실의 진화,홍성욱,2020년 12월,9900,144,0,0
711,[eBook],세상물정의 사회학,노명우,2014년 06월,11800,180,1,8.0
712,[도서],명사들의 졸업사,버락 오바마,2016년 01월,11700,168,0,0
713,[eBook],공감하는 능력,로먼 크르즈나릭,2018년 11월,12800,168,0,0
714,[eBook],당신이 남긴 증오,앤지 토머스,2018년 11월,10500,180,120,8.3
715,[도서],아자젤 Azazel,아이작 아시모프,2015년 03월,11520,144,14,8.5
716,[도서],당신에게 일시 정지를 권유합니다,김종관,2020년 11월,11700,156,6,9.4
717,[도서],ZOOM 거의 모든 것의 속도,밥 버먼,2018년 07월,15300,168,48,9.2
718,[도서],혼자만의 시간이 필요한 이유,나코시 야스후미,2018년 06월,13500,156,8,9.1
719,[도서],식물의 인문학,박중환,2014년 10월,17100,144,7,8.8
720,[eBook],인스타그램에는 절망이 없다,정지우,2020년 03월,10500,156,1,6.0
721,[도서],꿈을 읽다,김정희,2017년 12월,13500,156,8,9.6
722,[도서],예술가로 살만합니다,이상진,2018년 01월,12420,228,12,9.6
723,[도서],지구와 바꾼 휴대폰,위르겐 로이스,2017년 10월,14400,156,1,10.0
724,[도서],"꿀꺽, 한 입의 과학",메리 로치,2014년 03월,13500,258,6,8.8
725,[eBook],"천천히, 스미는",버지니아 울프,2017년 09월,10000,180,1,8.0
726,[도서],매너의 문화사,아리 투루넨,2019년 10월,13500,180,43,9.0
727,[도서],학교에서 배웠지만 잘 몰랐던 미술,이명옥,2013년 11월,15300,144,27,9.3
728,[도서],뒤늦게 발동걸린 인생들의 이야기,김덕영,2013년 10월,13500,186,5,7.0
729,[eBook],보라색 히비스커스,치마만다 응고지 아디치에,2019년 07월,10500,168,0,0
730,[도서],아마존 vs. 구글 미래 전쟁,강정우,2019년 05월,12600,204,19,8.9
731,[도서],진짜 그런 책은 없는데요,젠 캠벨,2019년 05월,10800,144,5,8.8
732,[eBook],미술관에 간 심리학,윤현희,2019년 04월,10680,156,2,8.0
733,[eBook],그럴수록 우리에겐 친구가 필요하다,이름트라우트 타르,2022년 03월,10500,144,0,0
734,[도서],어느 칠레 선생님의 물리학 산책,안드레스 곰베로프,2019년 02월,13500,132,36,9.2
735,[eBook],"가구, 집을 갖추다",김지수,2022년 02월,13500,144,0,0
736,[eBook],우린 다르게 살기로 했다,조현,2018년 12월,14000,144,0,0
737,[eBook],책벌레와 메모광,정민,2015년 12월,10500,96,0,0
738,[eBook],매혹하는 식물의 뇌,스테파노 만쿠소,2016년 07월,9600,108,2,10.0
739,[도서],에네르기 팡,박동곤,2013년 06월,14250,108,17,8.9
740,[도서],세상을 바꾼 100가지 문서,스콧 크리스텐슨,2016년 07월,22500,138,12,9.6
741,[도서],제트코노미(Zconomy),제이슨 도시,2021년 01월,14220,120,14,9.6
742,[eBook],부모라면 유대인처럼 하브루타로 교육하라,전성수,2013년 04월,9100,132,2,8.5
743,[도서],추억에 관한 모든 것,다니엘 레티히,2016년 05월,14400,96,2,9.0
744,[도서],권오길의 괴짜 생물 이야기 ,권오길,2012년 10월,11700,108,19,8.8
745,[eBook],생명을 보는 마음,김성호,2021년 11월,15400,108,0,0
746,[eBook],리얼 월드 러닝,김하늬,2021년 09월,11250,132,0,0
747,[eBook],결국 Z세대가 세상을 지배한다,김용섭,2021년 09월,14400,120,0,0
748,[eBook],멀리 가려면 함께 가라,이종선,2011년 09월,9800,108,0,0
749,[eBook],하란사,권비영,2021년 07월,9800,96,598,9.4
750,[도서],플랫폼의 눈으로 세상을 보라,김기찬,2015년 03월,12600,96,11,7.4
751,[eBook],코로나 시대의 역발상 트렌드,민병운,2021년 07월,12500,120,1,10.0
752,[eBook],초고령사회 일본에서 길을 찾다,김웅철,2018년 09월,10080,96,0,0
753,[eBook],오늘도 이상한 사람 때문에 힘들었습니다,정희정,2020년 09월,9600,132,0,0
754,[eBook],불편하면 따져봐,국가인권위원회,2014년 12월,9660,132,0,0
755,[eBook],숲은 고요하지 않다,마들렌 치게,2021년 05월,14400,132,1,6.0
756,[eBook],당신의 4분 33초,이서수,2020년 08월,9100,108,3,9.3
757,[도서],중국이 두렵지 않은가,유광종,2014년 11월,18000,102,7,8.8
758,[도서],"지금 놀러 갑니다, 다른 행성으로",올리비아 코스키,2018년 06월,15300,240,0,0
759,[eBook],뇌 이야기,딘 버넷,2018년 06월,10800,120,2,9.0
760,[도서],"아빠, 이런 여행 어때?",김동옥,2018년 05월,13500,108,18,9.6
761,[도서],지붕 ,티에리 파코,2014년 10월,2970,108,4,8.0
762,[eBook],뒤통수의 심리학,마리아 코니코바,2018년 04월,14400,120,1,10.0
763,[도서],올어바웃 치즈,무라세 미유키,2014년 10월,11700,108,38,8.2
764,[도서],이규보의 화원을 거닐다,홍희창,2020년 07월,14400,138,12,9.5
765,[도서],있어빌리티 교양수업 : 생활 속의 물리학,제임스 리스,2020년 06월,13500,246,26,9.4
766,[도서],"실험하는 여자, 영혜",이영혜,2018년 03월,12600,132,15,9.4
767,[도서],"코로나시대, 식품 미신과 과학의 투쟁",에런 캐럴,2020년 05월,23220,108,16,9.3
768,[도서],희망 수업,서진규,2014년 08월,12600,108,46,9.0
769,[도서],조선명저기행,박영규,2018년 01월,11700,108,14,9.6
770,[도서],슬픈 옥수수,케이틀린 셰털리,2018년 01월,20700,120,18,9.4
771,[도서],전지적 불평등 시점,명로진,2020년 01월,12600,120,27,9.4
772,[도서],세상을 바꾼 작은 우연들,마리 노엘 샤를,2014년 05월,13500,126,13,9.0
773,[eBook],오전을 사는 이에게 오후도 미래다,이국환,2019년 12월,10500,132,0,0
774,[도서],독을 품은 식물 이야기,김원학,2014년 03월,22800,108,0,0
775,[eBook],천국보다 낯선,이장욱,2013년 12월,8400,96,0,0
776,[eBook],보이지 않는 영향력,조나 버거,2017년 07월,12400,108,1,8.0
777,[도서],"우주에서 살기, 일하기, 생존하기",톰 존스,2017년 06월,13950,96,8,9.1
778,[eBook],"[epub3.0] 의심의 철학 - 니체, 신을 의심하다",이진우,2019년 03월,1500,96,2,8.0
779,[eBook],삶의 무기가 되는 심리학,레온 빈트샤이트,2019년 08월,11000,132,0,0
780,[eBook],지방의 누명,홍주영,2017년 05월,11200,108,1,10.0
781,[eBook],아주 경제적인 하루,박정호,2017년 04월,11200,108,1,8.0
782,[도서],월요일의 문장들,조안나,2017년 02월,11700,120,20,8.7
783,[도서],당신은 왜 인간입니까,송은주,2019년 04월,13500,120,11,9.5
784,[eBook],북유럽 그림이 건네는 말,최혜진,2019년 02월,11100,108,0,0
785,[eBook],뇌과학자들,샘 킨,2016년 11월,15000,96,0,0
786,[eBook],데이비드 버커스 경영의 이동,데이비드 버커스,2016년 09월,12000,108,1,9.0
787,[도서],밥상 위에 차려진 역사 한 숟갈,박현진,2018년 09월,13500,72,29,9.0
788,[eBook],최고의 수학자가 사랑한 문제들,이언 스튜어트,2021년 02월,12000,60,0,0
789,[도서],악의,정해연,2015년 12월,12420,48,21,8.1
790,[도서],"요리책 쓰는 선비, 술 빚는 사대부",김봉규,2016년 07월,15300,60,10,8.5
791,[도서],모나리자 바이러스,티보어 로데,2016년 07월,13320,48,127,9.0
792,[도서],내일을 위한 경제학,참사회경제교육연구소,2013년 07월,14400,48,0,0
793,[eBook],회계는 어떻게 역사를 지배해왔는가,제이컵 솔,2016년 06월,15400,84,0,0
794,[도서],정리 습관의 힘,정경자,2015년 10월,12600,72,8,8.8
795,[eBook],나는 왜 똑같은 생각만 할까,데이비드 니븐,2016년 06월,9660,72,1,8.0
796,[eBook],남극에서 대한민국까지,김태훈,2021년 01월,10500,48,0,0
797,[eBook],세상을 바꾼 다섯가지 상품이야기,홍익희,2015년 09월,11400,48,2,8.5
798,[도서],편견,아그네스 헬러,2015년 08월,12600,60,0,0
799,[eBook],"철학자의 음악서재, C#",최대환,2020년 12월,11500,60,0,0
800,[eBook],보라선 열차와 사라진 아이들,디파 아나파라,2021년 11월,11060,84,0,0
801,[도서],과학의 망상,루퍼트 셸드레이크,2016년 04월,19800,48,28,8.3
802,[eBook],삶은 속도가 아니라 방향이다,수영,2022년 01월,12000,60,0,0
803,[eBook],소르본 철학 수업,전진,2020년 11월,12000,60,0,0
804,[eBook],카이사르의 마지막 숨,샘 킨,2021년 12월,15000,84,0,0
805,[eBook],법정에서 못다 한 이야기,박형남,2021년 12월,11200,60,1,10.0
806,[eBook],디자인은 어떻게 세상을 만들어가는가,스콧 버쿤,2021년 11월,11000,60,0,0
807,[eBook],"건축, 근대소설을 거닐다",김소연,2020년 11월,10000,60,1,10.0
808,[도서],그들을 따라 유럽의 변경을 걸었다,서정,2016년 02월,16200,48,6,8.5
809,[도서],노벨상 수상자와 함께한 24일,레오니트 아자로프,2012년 08월,13500,72,0,0
810,[도서],"진정일 교수, 시(詩)에게 과학을 묻다",진정일,2012년 07월,11700,84,10,8.9
811,[도서],안녕히 주무셨어요?,페터 슈포르크,2016년 02월,11700,48,2,9.0
812,[도서],역사는 식탁에서 이루어진다,마리옹 고드프르와 & 자비에 덱토,2018년 11월,18000,102,1,9.0
813,[eBook],그림 속 천문학,김선지,2021년 08월,11900,84,0,0
814,[eBook],넥스트 그린 레볼루션,조원경,2021년 07월,12000,60,0,0
815,[eBook],검은 수련,미셸 뷔시,2015년 02월,8500,84,0,0
816,[도서],아서 씨는 진짜 사랑입니다,엘리자베스 버그,2018년 09월,12600,72,13,8.9
817,[도서],티밍,에이미 에드먼드슨,2015년 03월,16200,72,1,8.0
818,[eBook],시민의 물리학,유상균,2018년 09월,11550,48,0,0
819,[eBook],한국인은 왜 이렇게 먹을까?,주영하,2018년 08월,15400,72,0,0
820,[eBook],수영하는 여자들,리비 페이지,2018년 08월,9800,72,0,0
821,[eBook],우주를 만지다,권재술,2020년 10월,11200,84,3,6.3
822,[eBook],시간이 멈춘 방,고지마 미유,2020년 09월,8400,84,0,0
823,[도서],정조처럼 소통하라,정창권,2018년 08월,13500,132,7,8.4
824,[eBook],새 부리 가면을 쓴 의사와 이발소 의사,쑤상하오,2017년 06월,9900,60,0,0
825,[eBook],혼자만의 시간이 필요한 이유,나코시 야스후미,2018년 06월,10500,48,0,0
826,[eBook],우유보다 뇌과학,만프레드 슈피처,2020년 08월,9800,84,0,0
827,[eBook],디어 에드워드,앤 나폴리타노,2020년 08월,10500,84,513,9.4
828,[eBook],센스 앤 넌센스,케빈 랠런드,2014년 10월,13300,48,0,0
829,[도서],센스 앤 넌센스,케빈 랠런드,2014년 09월,17100,72,9,9.0
830,[도서],오전을 사는 이에게 오후도 미래다 (큰글씨책),이국환,2020년 07월,22500,72,0,0
831,[도서],100세 쇼크,NH투자증권 100세시대연구소,2018년 04월,16920,72,5,10.0
832,[eBook],어두운 숲,니콜 크라우스,2020년 07월,10200,72,0,0
833,[eBook],데이터 프라이버시,니혼게이자이신문 데이터경제취재반,2020년 06월,10360,48,0,0
834,[도서],도시를 걷는 시간,김별아,2018년 03월,13500,48,26,9.1
835,[eBook],엄마의 죽음은 처음이니까,권혁란,2020년 05월,9800,72,0,0
836,[eBook],핀란드 사람들은 왜 중고가게에 갈까?,박현선,2020년 05월,12000,48,1,8.0
837,[eBook],언컨택트,김용섭,2020년 05월,14400,48,3,7.4
838,[도서],내가 원하는 것을 나도 모를 때 (큰글자도서),전승환,2020년 02월,37000,72,1,6.0
839,[eBook],경제학자의 인문학 서재,박정호,2020년 02월,13000,72,0,0
840,[도서],책 읽다가 이혼할 뻔,엔조 도,2018년 02월,12420,48,12,7.6
841,[도서],떨리는 손,이명현,2020년 02월,11700,84,4,9.0
842,[eBook],새들의 천재성,제니퍼 애커먼,2018년 01월,14000,48,0,0
843,[eBook],인공지능 시대가 두려운 사람들에게,리처드 왓슨,2018년 01월,11900,72,1,6.0
844,[도서],기적이 일어나기 2초 전 ,장소미,2014년 07월,12150,60,25,8.6
845,[도서],침대에서 읽는 과학,이종호,2018년 01월,12600,84,12,8.6
846,[eBook],그림 속 경제학,문소영,2014년 06월,12000,60,3,8.6
847,[도서],"과학, 그거 어디에 써먹나요?",원호섭,2018년 01월,15300,48,11,9.3
848,[eBook],세갈래 길,래티샤 콜롱바니,2017년 12월,9500,84,3,10.0
849,[도서],물이 깊은 바다,파비오 제노베시,2020년 01월,13500,48,22,9.6
850,[도서],딸에게 차려주는 식탁,김진영,2017년 12월,12420,48,54,8.9
851,[도서],고전의 이유,김한식,2017년 12월,13500,84,12,8.9
852,[eBook],요즘 것들과 옛날 것들의 세대 공존의 기술,허두영,2019년 11월,8700,48,0,0
853,[eBook],콘텐츠가 전부다,노가영,2019년 01월,11200,72,0,0
854,[eBook],21세기 화폐전쟁,노르베르트 헤링,2019년 12월,11900,48,0,0
855,[도서],호모 코쿠엔스의 음식 이야기,제니 린포드,2020년 01월,16200,72,9,8.8
856,[eBook],어떻게 의욕을 끌어낼 것인가,하이디 그랜트 할버슨,2014년 05월,12800,48,1,10.0
857,[eBook],모든 것의 기원,데이비드 버코비치,2017년 11월,12200,84,29,8.5
858,[도서],노란 잠수함,이재량,2017년 11월,11700,48,34,8.9
859,[eBook],진짜 그런 책은 없는데요,젠 캠벨,2019년 12월,8400,84,1,10.0
860,[eBook],미래 공부,박성원,2019년 12월,12000,48,0,0
861,[eBook],어느 날 문득 경제공부를 해야겠다면,김경민,2019년 11월,11200,48,0,0
862,[도서],"집, 도시를 만들고 사람을 이어주다",임형남,2014년 04월,13500,60,13,8.5
863,[도서],하이라인 스토리,조슈아 데이비드,2014년 03월,22500,60,1,9.0
864,[eBook],매너의 문화사,아리 투루넨,2019년 11월,9450,48,738,8.2
865,[도서],오늘이 내 인생의 마지막 날이라면,KBS [생로병사의 비밀] 제작팀,2014년 03월,12150,36,7,8.7
866,[도서],인형의 시간들,김진경,2019년 10월,17100,66,0,0
867,[eBook],인간증발,레나 모제,2017년 09월,10500,60,13,8.3
868,[eBook],뇌에 스위치를 켜다,존 엘더 로비슨,2017년 08월,12600,84,2,8.0
869,[eBook],어웨이크,피터 홀린스,2019년 09월,9800,84,6,9.0
870,[도서],배명진 교수의 소리로 읽는 세상,배명진,2013년 11월,11700,60,39,8.8
871,[eBook],나의 반려동물도 나처럼 행복할까,데이비드 미치,2019년 08월,11200,48,0,0
872,[eBook],아인슈타인의 주사위와 슈뢰딩거의 고양이,김성훈,2017년 06월,15400,60,0,0
873,[eBook],글쓰는 삶을 위한 일 년,수전 티베르기앵,2016년 10월,12000,48,14,8.6
874,[eBook],"[epub3.0] 의심의 철학 - 사르트르, 타인을 의심하다",이진우,2019년 03월,1500,60,2,7.0
875,[eBook],"[epub3.0] 의심의 철학 - 호르크하이머·아도르노, 계몽을 의심하다",이진우,2019년 03월,1500,84,1,8.0
876,[eBook],"[epub3.0] 의심의 철학 - 하이데거, 존재를 의심하다",이진우,2019년 03월,1500,84,0,0
877,[eBook],감정은 패턴이다,랜디 타란,2019년 08월,12500,48,0,0
878,[eBook],유품정리사,정명섭,2019년 07월,9800,72,5,8.4
879,[eBook],디어 에번 핸슨,밸 에미치,2019년 07월,10200,48,3,8.6
880,[도서],우리 옆집에 영국남자가 산다,팀 알퍼,2017년 05월,14400,90,32,9.0
881,[도서],과학의 위안,강석기,2017년 04월,14400,48,11,9.3
882,[eBook],시시콜콜한 조선의 일기들,박영서,2021년 04월,10500,72,0,0
883,[도서],도화만발,최석조,2019년 07월,14400,84,0,0
884,[eBook],음식으로 보는 미래 과학,마티 조프슨,2019년 07월,10500,60,0,0
885,[eBook],"눈물의 땅, 팔레스타인",김재명,2019년 05월,15400,84,0,0
886,[eBook],나는 감이 아니라 데이터로 말한다,신현호,2019년 05월,11000,48,0,0
887,[eBook],잠자는 추억들,파트릭 모디아노,2022년 04월,9800,48,0,0
888,[eBook],헤어,커트 스텐,2017년 03월,9000,60,0,0
889,[eBook],아름다움의 진화,리처드 프럼,2019년 04월,15000,84,0,0
890,[eBook],라멘이 과학이라면,가와구치 도모카즈,2019년 05월,10000,60,0,0
891,[eBook],체리토마토파이,베로니크 드 뷔르,2019년 04월,10000,84,2,9.0
892,[eBook],월요일 아침의 심리학,하유진,2019년 04월,10500,48,0,0
893,[도서],위험한 시간 여행,조이스 캐롤 오츠,2019년 04월,13950,60,13,7.6
894,[eBook],바벨탑 공화국,강준만,2019년 04월,10500,48,0,0
895,[eBook],마음챙김 미술관,김소울,2022년 03월,11500,72,0,0
896,[도서],"창의성, 내 아이의 미래에 마법을 부리다",문정화,2016년 12월,11700,60,13,8.7
897,[eBook],어느 칠레 선생님의 물리학 산책,안드레스 곰베로프,2019년 03월,13000,60,0,0
898,[도서],그래서 좀 쉬라고 호르몬에서 힘을 살짝 빼준 거야,막심 레오,2019년 02월,12420,36,2,8.5
899,[eBook],참모로 산다는 것,신병주,2019년 01월,13000,48,0,0
900,[도서],완벽한 인생,이동원,2016년 10월,10800,54,31,8.7
901,[eBook],전쟁사에서 건진 별미들,윤덕노,2016년 10월,7560,84,0,0
902,[eBook],"기후와 날씨, 건강 토크 토크",반기성,2018년 12월,12600,48,0,0
903,[eBook],상냥한 폭력의 시대,정이현,2016년 12월,9800,0,0,0
904,[eBook],컨셔스,문성림,2020년 07월,10360,0,0,0
905,[eBook],보이지 않는 것들,로이 야콥센,2021년 03월,9940,36,0,0
906,[eBook],마음의 감기,루이제 레더만,2015년 11월,9000,12,0,0
907,[도서],히든 서비스,장정빈,2016년 01월,16200,24,2,8.5
908,[eBook],작은 동네,손보미,2021년 03월,9800,36,0,0
909,[오디오북],말순 씨는 나를 남편으로 착각한다,최정원,2022년 02월,10000,0,0,0
910,[오디오북],법에도 심장이 있다면,박영화,2022년 02월,14000,0,0,0
911,[오디오북],뒤늦게 발동걸린 인생들의 이야기,김덕영,2022년 02월,9000,0,0,0
912,[도서],알파하우스를 꿈꾸다,임창복,2016년 09월,14400,12,1,8.0
913,[eBook],동물에게 배우는 노년의 삶,앤 이니스 대그,2016년 08월,10100,0,0,0
914,[eBook],밀레니얼은 어떻게 배우고 일하며 성장하는가,이상준,2021년 02월,10360,24,0,0
915,[eBook],"릴리에게, 할아버지가",앨런 맥팔레인,2016년 08월,9800,12,0,0
916,[eBook],오페라홀릭,이보경,2015년 12월,10500,0,1,9.0
917,[eBook],내 삶을 바꾸는 공감,김지홍,2016년 08월,7200,12,0,0
918,[도서],내 삶을 바꾸는 공감,김지홍,2016년 08월,14250,24,0,0
919,[도서],폐허에 살다,메릴린 존슨,2016년 08월,17550,0,1,8.0
920,[eBook],추억에 관한 모든 것,다니엘 레티히 저 / 김종인 역,2016년 07월,9600,24,0,0
921,[도서],오페라홀릭,이보경,2015년 11월,13500,0,30,8.7
922,[eBook],삶은 어떻게 예술이 되는가,김형수,2015년 11월,10000,12,2,9.0
923,[eBook],먼지 먹는 개,손솔지,2016년 07월,8900,0,0,0
924,[eBook],아침식사의 문화사 Breakfast,헤더 안트 앤더슨,2016년 07월,15000,24,1,10.0
925,[도서],오래가는 소통,이경진,2015년 11월,11700,0,0,0
926,[eBook],서울은 어떻게 작동하는가,류동민,2016년 07월,9500,12,0,0
927,[도서],도서 대출 중,이경신,2013년 07월,12420,0,0,0
928,[eBook],뒤뜰에 골칫거리가 산다,황선미,2022년 11월,10500,0,0,0
929,[eBook],말순씨는 나를 남편으로 착각한다,최정원,2015년 10월,9800,0,0,0
930,[eBook],마음에 지지않는 용기,김이율,2015년 10월,9800,0,0,0
931,[eBook],여행 잘하는 사람으로 큰다면,류한경,2016년 07월,7400,12,1,9.0
932,[도서],여행 잘하는 사람으로 큰다면,류한경,2016년 07월,13320,24,10,8.8
933,[eBook],디테일이 강해야 산다,김태흥,2016년 06월,7800,0,0,0
934,[eBook],보고 생각하고 느끼는 우리 명승기행,김학범,2015년 10월,10710,0,0,0
935,[도서],물총새는 왜 모래밭에 그림을 그릴까,우용태,2013년 06월,12600,24,11,8.9
936,[오디오북],오전을 사는 이에게 오후도 미래다,이국환,2019년 12월,28000,0,0,0
937,[도서],보고 생각하고 느끼는 우리 명승기행,김학범,2013년 05월,16200,36,19,9.3
938,[eBook],최고의 공부,켄 베인,2013년 05월,9450,36,7,8.6
939,[eBook],안녕을 위하여,이승연,2022년 11월,12000,0,0,0
940,[오디오북],잔류 인구,엘리자베스 문,2021년 10월,16000,0,0,0
941,[도서],당신의 출근길은 행복한가요?,김희정,2013년 04월,11520,24,33,8.7
942,[도서],디테일이 강해야 산다,김태흥,2015년 10월,11700,24,0,0
943,[eBook],조선과학실록,이성규 ,2016년 06월,11200,24,31,8.1
944,[도서],잡스가 워즈워드의 시를 읽는 이유는,조숙경,2013년 04월,12600,12,6,9.0
945,[eBook],붉은 소파,조영주,2016년 05월,8280,36,1,8.0
946,[eBook],기쁨의 정원,조병준,2020년 08월,14000,12,0,0
947,[eBook],배명진 교수의 소리로 읽는 세상,배명진,2015년 09월,8190,0,0,0
948,[eBook],메신저,이남훈,2015년 09월,9100,0,0,0
949,[도서],조선을 통하다,이한우,2013년 02월,13500,0,2,6.0
950,[eBook],개인은 역사를 바꿀 수 있는가,마거릿 맥밀런,2016년 05월,13000,0,0,0
951,[도서],세상을 바꾼 경제학,야자와 사이언스 연구소,2013년 02월,11700,12,34,8.4
952,[도서],무엇이 우리를 진화하게 하는가,스티브 발머,2013년 01월,13500,0,4,8.0
953,[도서],해피 패밀리,고종석,2013년 01월,10800,12,22,7.9
954,[도서],말순 씨는 나를 남편으로 착각한다,최정원,2015년 08월,12600,12,32,8.9
955,[도서],사람 속 사람 찾기,백현주,2013년 01월,12600,0,17,9.0
956,[도서],지금도 나를 가르치는 아이,황금성,2013년 01월,11700,0,1,9.0
957,[eBook],과학의 망상,루퍼트 셸드레이크,2016년 04월,13410,0,0,0
958,[eBook],지금도 나를 가르치는 아이,황금성,2022년 11월,8190,0,0,0
959,[도서],낯선 여행길에서 우연히 만난다면,이지상,2012년 12월,11700,24,17,8.8
960,[eBook],[대여] 아티스트 인사이트 : 차이를 만드는 힘,정인호,2021년 04월,5950,12,1,10.0
961,[eBook],언제 올지 모를 희망 말고 지금 행복했으면,송정림,2022년 10월,10500,0,0,0
962,[eBook],어느 게으른 건축가의 디자인 탐험기,천경환,2012년 11월,10500,24,0,0
963,[도서],맛있는 위로,이유석,2012년 12월,12420,24,17,8.3
964,[도서],열풍의 한국 사회,구난희,2012년 11월,14400,0,0,0
965,[도서],이름이 없는 너를 부를 수 없는 나는,김태형,2012년 11월,11700,0,15,9.3
966,[eBook],행복을 인터뷰하다 : 쉽게 불행해지는 당신을 위한 긍정 처방전 15,김진세 저 / 김미화,2015년 08월,9800,12,0,0
967,[eBook],권오길의 괴짜 생물 이야기,권오길,2015년 08월,7800,12,0,0
968,[도서],입 안에 고인 침묵,최윤정,2015년 08월,14400,0,7,9.3
969,[eBook],서울 건축 만담,차현호,2015년 08월,13500,24,0,0
970,[도서],소년은 철들지 않는다,이성규,2012년 11월,12420,12,23,8.8
971,[도서],뉴 그린 컨슈머 가이드,줄리아 헤일즈,2012년 09월,16200,12,1,8.0
972,[eBook],노라와 모라,김선재,2020년 11월,10500,0,0,0
973,[eBook],"국보, 역사의 명장면을 담다",배한철,2020년 11월,11900,36,0,0
974,[eBook],식물의 인문학,박중환,2015년 07월,13500,12,0,0
975,[오디오북],아침식사의 문화사,헤더 안트 앤더슨,2016년 04월,22000,0,0,0
976,[오디오북],우울하면 좀 어때,김승기,2021년 12월,14000,0,0,0
977,[eBook],코로나 이후 생존 도시,홍윤철,2021년 04월,11200,36,0,0
978,[도서],일곱 가지 이야기,가노 도모코,2016년 04월,11520,24,8,9.7
979,[eBook],안녕히 주무셨어요?,페터 슈포르크,2016년 04월,7800,12,1,8.0
980,[도서],행복을 인터뷰하다,김진세,2015년 07월,12600,12,58,9.2
981,[오디오북],인류를 구한 12가지 약 이야기,정승규,2021년 11월,16000,0,0,0
982,[eBook],원스 어폰 어 타임 인 메트로,카렌 메랑,2016년 03월,6500,0,0,0
983,[도서],원스 어폰 어 타임 인 메트로,카렌 메랑,2016년 03월,10800,0,33,9.2
984,[도서],우리는 모두 같은 꿈이 있습니다,윤경일,2016년 03월,14310,12,8,9.4
985,[eBook],나의 요리사 마은숙,김설원,2016년 03월,9000,12,1,10.0
986,[eBook],국경의 도서관,황경신,2016년 03월,8200,0,0,0
987,[도서],"바로 거기쯤이야, 너를 기다리는 곳",테오,2012년 08월,11520,12,39,8.7
988,[도서],나의 요리사 마은숙,김설원,2016년 03월,11700,0,25,8.7
989,[eBook],이반 오소킨의 인생 여행,페테르 우스펜스키,2014년 10월,9660,12,0,0
990,[eBook],살아 있는 것들은 전략이 있다,서광원,2015년 06월,8820,24,0,0
991,[오디오북],82년생 김지영,조남주,2021년 10월,11700,0,0,0
992,[오디오북],딸에 대하여,김혜진,2021년 10월,12600,12,0,0
993,[오디오북],바람이 전하는 인디언 이야기,찰스 A. 이스트먼,2021년 10월,13000,12,0,0
994,[도서],알코올의 역사,윤철희,2015년 06월,20700,24,1,8.0
995,[도서],메신저,이남훈,2015년 06월,11700,12,78,9.0
996,[eBook],생각의 융합,김경집,2015년 06월,11550,36,0,0
997,[eBook],한국사에 감동하다,원유상 저,2015년 05월,7600,0,0,0
998,[eBook],불안해 보여서 불안한 당신에게,한창욱,2021년 09월,10500,24,0,0
999,[직수입양서],"Metropolis: A History of the City, Humankind's Greatest Invention",벤 윌슨,2020년 11월,42300,36,0,0
1000,[eBook],책 대 책,고중숙,2021년 08월,16000,0,0,0
1001,[eBook],꿈을 읽다,김정희,2021년 08월,12000,24,0,0
1002,[eBook],무한을 넘어서,유지니아 쳉,2018년 11월,14000,36,0,0
1003,[eBook],금척,김종록,2018년 11월,10300,0,1,3.0
1004,[eBook],느림보 마음 (개정판),문태준,2018년 10월,10400,24,0,0
1005,[eBook],잠깐 머리 좀 식히고 오겠습니다,윤대현,2018년 06월,10200,36,0,0
1006,[오디오북],나는 매주 시체를 보러 간다,유성호,2022년 09월,14400,0,0,0
1007,[eBook],밥상 위에 차려진 역사 한 숟갈,박현진,2018년 09월,9000,0,1,8.0
1008,[eBook],담담하게 걷고 뜨겁게 뛰어라,김동현,2021년 07월,9600,24,0,0
1009,[eBook],내 심장은 멈추지 않는 엔진이다,이준엽,2011년 07월,7200,0,0,0
1010,[eBook],상식으로 시작하는 한 뼘 인문학,최원석,2015년 03월,11200,0,0,0
1011,[도서],철학 주식회사,쥘,2015년 03월,13500,0,1,8.0
1012,[eBook],인생 우화,류시화,2018년 08월,11200,36,3,9.4
1013,[eBook],루시의 발자국,후안 호세 미야스,2021년 07월,11200,0,1,8.0
1014,[eBook],뉴노멀 교양수업,필리프 비옹뒤리,2020년 10월,11060,36,0,0
1015,[도서],과학으로 쓰는 긍정의 미래,랑가 요게슈바어,2018년 08월,18000,12,0,0
1016,[eBook],열풍의 한국 사회,구난희,2018년 08월,11200,0,0,0
1017,[eBook],나는 아직도 사람이 어렵다,강은호,2015년 01월,11100,0,0,0
1018,[eBook],누구를 위하여 공부하는가,에르빈 바겐호퍼,2015년 01월,7020,0,0,0
1019,[도서],도시의 공원,케이티 머론,2015년 01월,23400,36,2,8.0
1020,[도서],상식으로 시작하는 한 뼘 인문학,최원석,2015년 02월,14400,0,39,8.9
1021,[eBook],연인 심청 : 사랑으로 죽다,방민호,2015년 01월,9660,12,0,0
1022,[도서],냉담가계,이상하,2015년 01월,13500,12,10,9.1
1023,[도서],연인 심청,방민호,2015년 01월,12420,36,36,8.2
1024,[eBook],ZOOM 거의 모든 것의 속도,밥 버먼,2018년 07월,13600,0,0,0
1025,[eBook],있어빌리티 교양수업 : 생활 속의 물리학,제임스 리스,2021년 05월,10500,24,0,0
1026,[eBook],독을 품은 식물 이야기,김원학,2021년 05월,18000,24,0,0
1027,[eBook],"과학, 그거 어디에 써먹나요?",원호섭,2018년 07월,11900,12,0,0
1028,[eBook],마이크로트렌드X,마크 펜,2018년 07월,17600,0,0,0
1029,[eBook],슬픈 옥수수,케이틀린 셰털리,2018년 05월,16100,36,0,0
1030,[도서],미주의 인상,김동성,2015년 01월,13320,36,7,9.0
1031,[도서],마이크로트렌드 X,마크 펜,2018년 06월,19800,36,28,9.1
1032,[도서],"오후 세 시, 그곳으로부터",최예선,2014년 11월,11520,24,51,8.7
1033,[도서],철학은 운명이다,헬렌 S. 정,2014년 11월,19800,24,1,10.0
1034,[eBook],우리가 농부로 살 수 있을까,종합재미상사,2018년 06월,10500,0,0,0
1035,[eBook],똑똑함의 숭배,크리스토퍼 헤이즈,2018년 06월,12200,12,0,0
1036,[eBook],아티스트 인사이트 : 차이를 만드는 힘,정인호,2021년 04월,11900,24,1,10.0
1037,[eBook],5년 후 나는 어디에 있을 것인가,이용덕,2020년 09월,13600,36,0,0
1038,[도서],명화남녀,한기일,2014년 11월,16200,0,8,8.8
1039,[도서],피터 드러커의 인재경영 현실로 리트윗하다,유경철,2014년 12월,12420,24,29,9.3
1040,[도서],책 대 책,고중숙,2014년 11월,17550,0,9,9.1
1041,[eBook],오늘도 흔들리는 중입니다,이재영,2020년 08월,11040,0,0,0
1042,[eBook],미드 보다 과학에 빠지다,안드레아 젠틸레,2018년 05월,10000,24,0,0
1043,[eBook],희망 수업,서진규,2014년 11월,9800,12,0,0
1044,[eBook],100세 쇼크,NH투자증권 100세시대연구소,2018년 05월,13200,0,0,0
1045,[eBook],심심할수록 똑똑해진다,마누시 조모로디,2018년 05월,9450,24,1,9.0
1046,[도서],첨단기술로 본 3년 후에 ,이준정,2016년 01월,16200,12,9,8.5
1047,[도서],응원,김요한,2010년 01월,9900,0,0,0
1048,[도서],논어 산책,한상철,2009년 12월,18000,0,0,0
1049,[eBook],인형의 시간들,김진경,2020년 08월,14000,0,0,0
1050,[도서],내 정원의 로봇,데보라 인스톨,2018년 04월,13500,24,34,9.3
1051,[도서],이혜영의 패션바이블 The Fashion Bible,이혜영,2009년 10월,13500,12,20,8.5
1052,[eBook],슬픔의 위로,메건 더바인,2020년 07월,12000,24,0,0
1053,[eBook],"실험하는 여자, 영혜",이영혜,2018년 04월,9300,0,0,0
1054,[eBook],머지않아 이별입니다,나가쓰키 아마네,2020년 07월,8400,12,2,10.0
1055,[eBook],성공의 음악들,박성건,2020년 07월,11200,0,0,0
1056,[eBook],소설처럼 아름다운 클래식 이야기,이채훈,2020년 07월,14400,12,0,0
1057,[eBook],한국의 아웃라이어들,김영상,2014년 09월,3500,12,0,0
1058,[eBook],나무 다시 보기를 권함,페터 볼레벤,2020년 07월,11200,24,0,0
1059,[eBook],간디의 편지,마하트마 간디,2018년 04월,4800,12,0,0
1060,[eBook],코끼리를 삼킨 사물들,함돈균,2018년 04월,11200,12,0,0
1061,[eBook],[대여] 조선과학실록 (PDF),이성규,2018년 03월,5600,0,1,8.0
1062,[eBook],조선과학실록 (PDF),이성규,2018년 03월,11200,0,0,0
1063,[eBook],도시를 걷는 시간,김별아,2018년 03월,9000,12,0,0
1064,[도서],코끼리를 삼킨 사물들,함돈균,2018년 03월,14400,24,10,9.0
1065,[도서],논쟁으로 본 조선,이한,2014년 08월,16200,12,0,0
1066,[eBook],"세상을 바꾼 기술, 기술을 만든 사회",김명진,2020년 06월,13600,36,0,0
1067,[도서],산수의 감각,조지 셰프너,2018년 03월,13500,24,3,7.7
1068,[eBook],노란 잠수함,이재량,2018년 03월,9100,24,0,0
1069,[eBook],마카로니 프로젝트,김솔,2018년 03월,9100,12,0,0
1070,[eBook],하루 5분의 초록,한수정,2020년 05월,8510,24,1,10.0
1071,[eBook],한국 정원 기행,김종길,2020년 05월,11900,36,1,10.0
1072,[eBook],"닥터 셰퍼드, 죽은 자들의 의사",리처드 셰퍼드,2020년 05월,12950,12,0,0
1073,[eBook],모서리의 탄생,신주희,2018년 03월,9450,0,8,7.5
1074,[eBook],128호실의 원고,카티 보니당,2020년 05월,10500,24,0,0
1075,[eBook],다빈치가 자전거를 처음 만들었을까,페터 쾰러,2020년 04월,13200,0,0,0
1076,[eBook],카구야 프로젝트,원샨,2020년 05월,10000,0,1,10.0
1077,[eBook],저도 과학은 어렵습니다만,이정모,2018년 02월,10500,36,5,8.6
1078,[도서],카구야 프로젝트,원샨,2020년 05월,13320,36,1,9.0
1079,[도서],다빈치가 자전거를 처음 만들었을까,페터 쾰러,2020년 04월,14850,36,23,8.8
1080,[eBook],의자의 배신,바이바 크레건리드,2020년 04월,20160,12,0,0
1081,[eBook],딸에게 차려주는 식탁,김진영,2018년 02월,9660,12,1,9.0
1082,[eBook],떨리는 손,이종필,2020년 02월,9100,12,0,0
1083,[eBook],꿈꾸는 시인,나태주,2017년 04월,11200,0,0,0
1084,[직수입양서],Metropolis,벤 윌슨,2020년 09월,23500,36,0,0
1085,[eBook],세상을 바꾼 작은 우연들,마리 노엘 샤를,2014년 08월,10500,12,0,0
1086,[도서],산책자의 인문학 (큰글자도서),문갑식,2020년 02월,37000,24,0,0
1087,[eBook],조선명저기행,박영규,2018년 02월,8190,24,1,10.0
1088,[eBook],전지적 불평등 시점,명로진,2020년 03월,8820,24,0,0
1089,[eBook],당신의 완벽한 1년,비프케 로렌츠,2016년 12월,10500,12,0,0
1090,[eBook],모나리자 바이러스,티보어 로데,2016년 07월,10360,12,0,0
1091,[eBook],하버드 시대의 종말과 학습 혁명,오강선,2020년 02월,9800,24,0,0
1092,[eBook],물이 깊은 바다,파비오 제노베시,2020년 02월,10500,0,0,0
1093,[eBook],엄마의 글쓰기,김정은,2018년 01월,9800,36,0,0
1094,[eBook],보이는 경제학 안 보이는 경제학,헨리 해즐릿,2020년 02월,11200,36,0,0
1095,[eBook],하루를 살아도 당당하게,황인희,2019년 08월,8400,0,0,0
1096,[eBook],"요리책 쓰는 선비, 술 빚는 사대부",김봉규,2018년 01월,12000,0,0,0
1097,[도서],카카오,안드레아 더리,2014년 08월,19800,24,2,8.0
1098,[eBook],만년의 집,강상중,2020년 01월,9100,0,0,0
1099,[eBook],새벽까지 희미하게,정미경,2018년 01월,9100,12,0,0
1100,[eBook],셈을 할 줄 아는 까막눈이 여자,요나스 요나손,2014년 07월,9450,24,7,9.2
1101,[eBook],IMF 키즈의 생애,안은별,2018년 01월,11200,12,1,8.0
1102,[eBook],김변의 방과 후 법률사무소,김민철,2022년 09월,10500,12,0,0
1103,[eBook],나를 위로하는 글쓰기,셰퍼드 코미나스,2018년 01월,10300,36,0,0
1104,[eBook],식물의 힘,스티븐 리츠,2017년 12월,14000,36,0,0
1105,[eBook],귀소본능,베른트 하인리히,2017년 12월,12600,24,0,0
1106,[eBook],"자동차, 시대의 풍경이 되다",이문석,2019년 12월,15400,36,0,0
1107,[도서],프레이저가 빌리를 만났을 때,루이스 부스,2014년 07월,11700,0,20,9.1
1108,[도서],IMF 키즈의 생애,안은별,2017년 11월,14400,36,6,9.5
1109,[eBook],사이언스 소믈리에,강석기,2014년 06월,9000,36,0,0
1110,[eBook],오색섭생,홍영재,2014년 06월,15000,0,0,0
1111,[도서],여행하듯 랄랄라,황의정,2014년 06월,14220,30,3,7.7
1112,[eBook],그들을 따라 유럽의 변경을 걸었다,서정,2019년 07월,14400,0,0,0
1113,[eBook],애쓰다 지친 나를 위해,서덕,2019년 12월,9700,24,0,0
1114,[도서],아주 우아한 거짓말의 세계,한화철,2014년 06월,13050,0,18,8.5
1115,[eBook],"안녕하세요, 시간입니다",슈테판 클라인,2019년 12월,10500,24,0,0
1116,[도서],성공의 음악들,박성건,2019년 12월,14400,24,6,7.3
1117,[eBook],지구와 바꾼 휴대폰 (개정판),위르겐 로이스,2017년 10월,9600,24,0,0
1118,[eBook],풀빵이 어때서?,김학찬,2015년 02월,9100,0,0,0
1119,[eBook],도공 서란,손정미,2019년 11월,9800,0,0,0
1120,[도서],루브르에서 중국을 만나다,중국 CCTV,2014년 04월,17100,24,1,10.0
1121,[eBook],경이로운 수 이야기,알브레히트 보이텔슈프라허,2022년 08월,10360,0,0,0
1122,[도서],구스타프 소나타,로즈 트레마인,2017년 10월,12420,36,1,10.0
1123,[도서],아빠는 나무다,이태범,2014년 03월,10800,12,0,0
1124,[도서],나부터 세상을 바꿀 순 없을까?,강수돌,2014년 04월,13500,24,3,8.3
1125,[eBook],생각한다면 과학자처럼,데이비드 헬펀드,2017년 09월,14400,0,1,9.0
1126,[eBook],오늘이 내 인생의 마지막 날이라면,KBS [생로병사의 비밀] 제작팀,2014년 02월,7420,36,0,0
1127,[eBook],법에도 심장이 있다면,박영화,2019년 11월,9000,12,0,0
1128,[eBook],내가 하늘에서 떨어졌을 때,율리아네 쾨프케,2019년 11월,12000,0,0,0
1129,[도서],예술의 사생활,노승림,2017년 09월,14400,36,11,9.2
1130,[eBook],고전의 이유,김한식,2019년 10월,10500,36,0,0
1131,[eBook],당신은 왜 인간입니까,송은주,2019년 10월,10500,0,0,0
1132,[도서],생각의 경계,김성호,2014년 01월,13500,24,14,8.9
1133,[eBook],르몽드 비판경제학,르몽드 디플로마티크,2019년 10월,14000,24,0,0
1134,[eBook],도화만발,최석조,2019년 10월,12000,0,0,0
1135,[eBook],물총새는 왜 모래밭에 그림을 그릴까,우용태,2014년 01월,9800,0,0,0
1136,[eBook],이명현의 과학책방,이명현,2019년 10월,12000,0,0,0
1137,[오디오북],백 살까지 유쾌하게 나이 드는 법,이근후,2022년 08월,6000,0,0,0
1138,[오디오북],주문을 틀리는 요리점,오구니 시로,2022년 08월,6000,0,0,0
1139,[오디오북],꿈을 읽다,김정희,2022년 08월,6000,12,0,0
1140,[오디오북],단어의 사연들,백우진,2022년 08월,6000,0,0,0
1141,[오디오북],정조처럼 소통하라,정창권,2022년 08월,6000,0,0,0
1142,[eBook],비 (RAIN),신시아 바넷,2017년 08월,22400,0,9,8.0
1143,[eBook],산책자의 인문학,문갑식,2019년 09월,11200,12,137,8.0
1144,[eBook],어른답게 삽시다,이시형,2019년 09월,8400,96,0,0
1145,[eBook],갈림길에서 듣는 시골 수업,박승오,2017년 08월,11550,0,0,0
1146,[오디오북],초고령 사회 일본에서 길을 찾다,김웅철,2022년 07월,6000,0,0,0
1147,[오디오북],갈림길에서 듣는 시골 수업,박승오,2022년 07월,6000,0,0,0
1148,[도서],나무가 청춘이다,고주환,2013년 11월,14250,36,1,8.0
1149,[오디오북],명작 뒤에 숨겨진 사랑,이동연,2022년 07월,6000,0,0,0
1150,[도서],우리는 어떤 사람에게 끌리는가,미셸 레더먼,2013년 11월,14250,0,19,8.8
1151,[eBook],조르바를 춤추게 하는 글쓰기,이윤기,2013년 11월,9660,36,0,0
1152,[eBook],우리의 남극 탐험기,김근우,2017년 07월,9100,0,0,0
1153,[eBook],왕과 아들 : 조선시대 왕위 계승사,신병주,2013년 08월,7800,36,0,0
1154,[도서],엄마의 글쓰기,김정은,2017년 07월,12600,36,20,9.2
1155,[도서],우리 집엔 책 읽어주는 엄마가 있단다,한복희,2017년 07월,13500,12,32,8.9
1156,[eBook],통과비자,안나 제거스,2017년 06월,9100,24,0,0
1157,[eBook],냉담가계,이상하,2017년 06월,10500,0,0,0
1158,[eBook],"[epub3.0] 의심의 철학 - 포퍼, 과학을 의심하다",이진우,2019년 03월,1500,12,2,8.5
1159,[eBook],"[epub3.0] 의심의 철학 - 마르크스, 역사를 의심하다",이진우,2019년 03월,1500,24,1,6.0
1160,[eBook],환생 블루스,마이클 푸어,2019년 08월,11550,0,0,0
1161,[eBook],과학의 위안 - 강석기의 과학카페 Season 06,강석기,2017년 06월,9600,0,0,0
1162,[eBook],인생의 함정을 피하는 생각 습관,웨이슈잉,2019년 07월,9800,0,0,0
1163,[오디오북],엄마 헌장,권영숙,2022년 07월,6000,0,0,0
1164,[eBook],아서 씨는 진짜 사랑입니다,엘리자베스 버그,2018년 09월,11000,24,0,0
1165,[eBook],나도 그렇게 생각한다,프리츠 브라이트하우프트,2019년 06월,13600,24,0,0
1166,[도서],"기후와 날씨, 건강 토크 토크",반기성,2017년 05월,16200,24,1,10.0
1167,[eBook],동화 넘어 인문학,조정현,2017년 05월,9000,0,0,0
1168,[eBook],우리 옆집에 영국남자가 산다,저자 : 팀 알퍼 / 역자 : 정지현,2017년 05월,12800,0,0,0
1169,[eBook],나는 열등한 나를 사랑한다,최원호,2022년 06월,9800,36,0,0
1170,[오디오북],한 스푼의 시간,구병모,2016년 09월,10800,12,0,0
1171,[eBook],거의 떠나온 상태에서 떠나오기,데이비드 포스터 월리스,2022년 05월,11000,12,0,0
1172,[eBook],식물 심고 그림책 읽으며 아이들과 열두 달,이태용,2022년 05월,13500,0,0,0
1173,[eBook],의심의 철학,이진우,2017년 04월,10500,24,1,7.0
1174,[eBook],"[대여] 뫼르소, 살인 사건",카멜 다우드,2016년 01월,3840,24,29,8.4
1175,[eBook],식물학자의 식탁,스쥔,2019년 06월,12000,24,0,0
1176,[도서],새 부리 가면을 쓴 의사와 이발소 의사,쑤상하오,2017년 04월,14850,24,3,7.7
1177,[eBook],아마존 VS. 구글 미래전쟁,강정우,2019년 06월,9800,24,0,0
1178,[eBook],우울하면 좀 어때,김승기,2019년 06월,10000,0,0,0
1179,[eBook],올어바웃 치즈,무라세 미유키,2015년 06월,9100,0,0,0
1180,[eBook],"그건, 사랑이었네",한비야 저,2009년 07월,9000,24,0,0
1181,[eBook],기적이 일어나기 2초 전,아녜스 르디그 저 / 장소미 역,2014년 07월,9900,24,0,0
1182,[도서],하루를 살아도 당당하게,황인희,2017년 04월,10800,36,7,8.4
1183,[eBook],나는 클림트를 보면 베토벤이 들린다,권순훤,2017년 04월,11200,12,1,10.0
1184,[도서],"최악의 여성, 최초의 여성, 최고의 여성",나탈리 코프만 켈리파,2019년 07월,29700,24,4,9.8
1185,[eBook],권영민 교수의 문학 콘서트,권영민,2017년 04월,9000,12,0,0
1186,[eBook],뒤늦게 발동걸린 인생들의 이야기,김덕영,2016년 03월,9500,0,0,0
1187,[eBook],어머니학교,이정록,2019년 06월,7700,36,0,0
1188,[eBook],잡담의 인문학,토머스 W,2019년 02월,12800,0,0,0
1189,[eBook],개와 사람의 행복한 동행,마크 베코프,2019년 05월,13860,36,0,0
1190,[eBook],세계에서 가장 자극적인 나라,짐 로저스,2019년 05월,11200,12,8,7.9
1191,[eBook],먹는 인간,헨미 요,2017년 03월,9600,36,0,0
1192,[eBook],정도전과 그의 시대,이덕일,2019년 03월,7800,36,0,0
1193,[eBook],내가 우울한 건 다 오스트랄로피테쿠스 때문이야,박한선,2019년 04월,9800,36,0,0
1194,[eBook],무심하게 산다,가쿠타 미쓰요,2017년 03월,8400,0,1,10.0
1195,[eBook],지금 당신은 어떤 세상에 살고 싶습니까?,이원재,2017년 03월,10500,0,1,8.0
1196,[eBook],제트코노미(Zconomy),제이슨 도시,2021년 03월,11000,0,0,0
1197,[eBook],"일의 미래, 무엇이 바뀌고 무엇이 오는가",선대인,2017년 03월,11500,12,5,7.8
1198,[eBook],[대여] 하나도 괜찮지 않습니다,오찬호,2018년 01월,7250,24,3,8.0
1199,[eBook],"뫼르소, 살인 사건",카멜 다우드,2016년 01월,7680,12,29,8.4
1200,[도서],인생의 함정을 피하는 생각 습관,웨이슈잉,2019년 05월,12600,24,11,8.6
1201,[eBook],월요일의 문장들,조안나,2017년 02월,9100,24,1,10.0
1202,[도서],지금 당신은 어떤 세상에 살고 싶습니까?,이원재,2017년 03월,13500,0,2,8.5
1203,[eBook],나는 매일 엄마와 밥을 먹는다,정성기,2017년 01월,11000,12,0,0
1204,[eBook],진시황 강의,왕리췬,2017년 01월,13860,12,1,10.0
1205,[eBook],수면 밸런스,한진규,2016년 12월,9600,0,20,8.0
1206,[eBook],누가 이슬람을 지배하는가,류광철,2016년 12월,9000,12,0,0
1207,[eBook],우리는 모두 같은 꿈이 있습니다,윤경일,2016년 12월,8000,0,0,0
1208,[eBook],그가 사망한 이유는 무엇일까,류위즈,2017년 01월,10500,0,0,0
1209,[eBook],나에게 더 잘해주고 싶다,정은길,2019년 03월,10100,24,0,0
1210,[도서],그가 사망한 이유는 무엇일까,류위즈,2017년 01월,13500,0,7,8.6
1211,[eBook],문학은 노래다,제갈인철,2016년 12월,9800,0,0,0
1212,[eBook],반기성 교수의 날씨 토크토크,반기성,2016년 12월,8960,0,0,0
1213,[eBook],없는 사람,최정화,2016년 11월,8190,0,2,10.0
1214,[eBook],세계문학 브런치,정시몬,2016년 11월,13000,12,1,8.0
1215,[도서],없는 사람,최정화,2016년 11월,11700,0,7,8.9
1216,[eBook],완벽한 인생,이동원,2016년 11월,8400,12,1,8.0
1217,[eBook],자연에는 이야기가 있다,조홍섭,2016년 11월,9800,0,0,0
1218,[eBook],일언력,가와카미 데쓰야,2022년 02월,9660,24,0,0
1219,[도서],담담하게 걷고 뜨겁게 뛰어라,김동현,2016년 11월,12600,12,5,9.8
1220,[eBook],가짜 일  vs  진짜 일,브렌트 피터슨,2016년 11월,10080,0,0,0
1221,[eBook],퇴근길 클래식 수업,나웅준,2019년 01월,9600,12,0,0
1222,[eBook],실력의 배신,박남기,2019년 01월,14000,12,0,0
1223,[eBook],제4의 식탁,임재양,2018년 12월,8200,12,0,0
1224,[eBook],리치 파머,김철수,2018년 12월,12800,24,0,0
1225,[eBook],청년 흙밥 보고서,변진경,2018년 12월,9100,0,0,0
1226,[eBook],쓸모인류,빈센트,2018년 12월,11000,0,143,7.4
1227,[eBook],끌리는 것들의 비밀,윤정원,2018년 11월,11000,12,0,0
1228,[eBook],너 음악회 가봤니?,류준하,2016년 10월,16100,0,0,0
1229,[도서],우아한 관찰주의자,에이미 E. 허먼,2017년 06월,16650,1728,39,9.0
1230,[도서],오직 두 사람,김영하,2017년 05월,11700,4026,227,8.8
1231,[도서],주문을 틀리는 요리점,오구니 시로,2018년 08월,12600,1536,37,9.0
1232,[도서],우리들의 변호사,박준영,2016년 12월,13500,2436,15,9.2
1233,[도서],메모 습관의 힘,신정철,2015년 11월,13500,828,72,8.9
1234,[도서],공감하는 능력,로먼 크르즈나릭,2018년 11월,14400,618,20,9.4
1235,[도서],소금,박범신,2013년 04월,11700,714,80,8.9
1236,[도서],나무 다시 보기를 권함,페터 볼레벤,2019년 12월,14400,540,13,9.3
1237,[도서],"EBS 다큐프라임 슬로리딩, 생각을 키우는 힘",정영미,2015년 10월,12150,408,19,9.3
1238,[도서],한복 입은 남자,이상훈,2014년 11월,13500,228,58,9.1
1239,[도서],시간 전쟁,로라 밴더캠,2020년 03월,14400,312,48,9.2
1240,[도서],콘텐츠가 전부다,노가영,2020년 01월,14400,222,28,9.1
1241,[도서],최고의 공부,켄 베인,2013년 03월,13500,174,42,9.1
1242,[도서],우연의 설계,뉴 사이언티스트,2017년 06월,14400,336,1,8.0
1243,[도서],코티솔 조절법,숀 탤보트,2013년 09월,19800,156,0,0
1244,[도서],우종학 교수의 블랙홀 강의,우종학,2019년 07월,14220,180,8,9.1
1245,[도서],해마를 찾아서,윌바 외스트뷔,2019년 06월,15120,186,14,9.8
1246,[도서],금요일에 읽는 가족의 시,김태훈,2016년 03월,13500,114,16,9.6
1247,[도서],위대한 공존,브라이언 M. 페이건,2016년 01월,16200,96,25,9.2
1248,[도서],죽어라 일만 하는 사람은 절대 모르는 스마트한 성공들,마틴 베레가드,2014년 09월,12600,132,50,8.9
1249,[도서],어쨌든 미술은 재밌다,박혜성,2018년 01월,13500,120,44,9.1
1250,[도서],일언력,가와카미 데쓰야,2018년 01월,12420,144,30,9.0
1251,[도서],언어 공부,롬브 커토,2017년 09월,13500,84,11,7.8
1252,[도서],심플러 Simpler,캐스 R. 선스타인,2013년 12월,17820,96,18,8.0
1253,[도서],나한테 왜 그래요? ,고코로야 진노스케,2017년 06월,12150,132,24,8.9
1254,[도서],리케,마이크 비킹,2019년 04월,13500,120,64,9.3
1255,[도서],홍차의 나날들,박서영,2012년 12월,14400,90,2,10.0
1256,[도서],아침식사의 문화사,헤더 안트 앤더슨,2016년 03월,19800,48,4,7.1
1257,[도서],예술가를 꿈꾸는 젊은이에게,백형찬,2015년 02월,13500,78,0,0
1258,[도서],음식에도 마스크를 씌워야 하나요,임선영,2020년 09월,13500,48,15,9.3
1259,[도서],나의 페르시아어 수업,마리암 마지디,2018년 03월,10800,72,48,9.1
1260,[도서],이상한 정상가족,김희경,2017년 11월,13500,72,102,9.4
1261,[도서],마쉬왕의 딸,카렌 디온느,2017년 10월,12420,84,41,9.1
1262,[도서],스피치 세계사,앤드루 버넷,2017년 10월,18900,60,5,9.2
1263,[도서],겨울일기,폴 오스터,2014년 01월,10620,84,22,8.9
1264,[도서],비 (RAIN),신시아 바넷,2017년 07월,25200,72,10,9.5
1265,[도서],그림의 맛,최지영,2016년 12월,13500,60,15,9.1
1266,[도서],벌들의 죽음,김지현,2015년 02월,13500,12,34,8.5
1267,[도서],작가의 창,마테오 페리콜리,2016년 01월,13500,0,1,7.0
1268,[도서],감정의 식탁,게리 웬크,2015년 12월,14400,0,7,8.6
1269,[도서],매일 매일의 진화생물학,롭 브룩스,2015년 11월,14850,0,1,7.0
1270,[도서],중독사회,앤 윌슨 섀프,2016년 08월,15300,0,0,0
1271,[도서],행복한 나라의 조건,마이케 반 덴 붐,2016년 08월,16200,0,21,8.7
1272,[도서],그 산 그 사람 그 개,펑젠밍,2016년 08월,11700,12,9,8.8
1273,[도서],녹 RUST,조나단 월드먼,2016년 08월,16200,0,7,7.9
1274,[도서],3분 명화 에세이 ,이경남,2015년 11월,14400,0,42,8.8
1275,[도서],식사 순서 혁명,가지야마 시즈오,2013년 07월,10350,0,4,6.5
1276,[도서],코타로와 나,곽지훈,2016년 07월,11700,0,20,9.4
1277,[도서],금속 전쟁,임지원,2015년 10월,14400,0,3,10.0
1278,[도서],99℃ ,호아킴 데 포사다,2013년 07월,10800,0,49,8.4
1279,[도서],생각공유,박종성,2015년 10월,12600,0,20,8.8
1280,[도서],옥스퍼드는 어떻게 답을 찾는가,오카다 아키토,2016년 06월,13300,0,2,8.0
1281,[도서],냉장고의 탄생,톰 잭슨,2016년 06월,14400,0,18,8.7
1282,[도서],작은 집을 예찬한다,도미니크 로로,2016년 06월,10800,0,7,7.8
1283,[도서],잘살지는 못해도 쪽팔리게 살지는 말자,리민,2016년 06월,13500,0,18,9.4
1284,[도서],인간 인터넷,마이클 린치,2016년 06월,13500,0,2,7.0
1285,[도서],엄마의 미술관,프랑수아즈 바르브 갈,2013년 05월,16200,0,27,9.5
1286,[도서],동양인은 모나리자를 보며 무슨 생각을 할까,크리스틴 카욜,2016년 06월,17100,0,1,8.0
1287,[도서],그렇게밖에 말 못해?,낸시 드레퓌스,2013년 04월,12600,0,0,0
1288,[도서],아버지와 함께한 마지막 날들,필립 톨레다노,2013년 03월,11700,0,7,9.3
1289,[도서],파이브 초이스,코리 코건,2016년 05월,12600,0,15,8.6
1290,[도서],붉은 소파,조영주,2016년 05월,12420,0,28,8.6
1291,[도서],"인간적인, 너무나 인간적인 뇌",리처드 레스택,2015년 09월,14400,0,2,9.0
1292,[도서],그들은 소리 내 울지 않는다,송호근,2013년 03월,13500,0,13,8.6
1293,[도서],하워드의 선물,에릭 시노웨이,2013년 03월,12600,0,161,9.0
1294,[도서],"땡큐, 내 인생의 터닝포인트",강의모,2016년 05월,11700,0,20,9.4
1295,[도서],트라우마여 안녕,로렌스 곤잘레스,2016년 05월,15120,0,0,0
1296,[도서],크리에이터 코드,에이미 윌킨슨,2015년 09월,14400,0,48,9.0
1297,[도서],바다맛 기행,김준,2013년 02월,14400,0,9,8.3
1298,[도서],"광물, 역사를 바꾸다",에릭 샬린,2013년 01월,17100,0,6,9.3
1299,[도서],엄마라서 다행이다,잭 캔필드,2013년 02월,12600,0,9,9.8
1300,[도서],경제학자의 영화관,박병률,2012년 12월,13500,0,52,8.9
1301,[도서],보석 천 개의 유혹,에이자 레이든,2016년 04월,18000,0,7,9.0
1302,[도서],도시에 미학을 입히다,고명석,2015년 07월,18000,0,0,0
1303,[도서],300번의 A매치,최주영,2012년 11월,12600,0,9,8.8
1304,[도서],똑똑한 정보 밥상 Information Diet,클레이 존슨,2012년 10월,16200,0,0,0
1305,[도서],오전을 사는 이에게 오후도 미래다,이국환,2020년 11월,14400,0,1,10.0
1306,[도서],바람이 전하는 인디언 이야기,찰스 A. 이스트먼,2016년 04월,11700,0,11,8.7
1307,[도서],빅데이터 인간을 해석하다,이가영,2015년 07월,14400,0,5,9.0
1308,[도서],영악한 경제학,이근우,2015년 08월,14400,0,5,8.8
1309,[도서],나는 고작 한번 해봤을 뿐이다,김민태,2016년 03월,11520,0,69,8.9
1310,[도서],설득하고 싶은가? 스토리로 승부하라,신성진,2015년 07월,11700,0,6,9.0
1311,[도서],단어 따라 어원 따라 세계 문화 산책,이재명,2016년 03월,12420,12,57,9.4
1312,[도서],미각력,이서연,2015년 07월,11250,0,20,8.6
1313,[도서],창조의 탄생,케빈 애슈턴,2015년 06월,15120,0,25,8.5
1314,[도서],일곱 명의 심리학 친구,이정현,2015년 07월,13500,0,20,9.1
1315,[도서],늙는다는 건 우주의 일,조나단 실버타운,2016년 02월,12150,0,5,9.0
1316,[도서],와이저,캐스 R. 선스타인,2015년 06월,13500,0,22,8.4
1317,[도서],글쓰는 여자의 공간,타니아 슐리,2016년 01월,13050,0,24,7.9
1318,[도서],이케아 옷장에 갇힌 인도 고행자의 신기한 여행 ,로맹 퓌에르톨라,2015년 05월,10800,0,28,9.1
1319,[도서],물,베로니카 스트랭,2015년 05월,13500,0,1,8.0
1320,[도서],뉴턴의 시계,에드워드 돌닉,2016년 01월,19800,0,1,10.0
1321,[도서],"예스, 앤드",켈리 레너드,2015년 04월,13500,0,2,8.5
1322,[도서],생각은 죽지 않는다,클라이브 톰슨,2015년 04월,15120,0,20,8.9
1323,[도서],나를 대단하다고 하지 마라,해릴린 루소,2015년 04월,13500,0,3,8.3
1324,[도서],사색이 자본이다,김종원,2015년 04월,11700,0,34,9.0
1325,[도서],태도에 관하여,임경선,2015년 03월,10800,0,73,8.6
1326,[도서],카페인 권하는 사회,머리 카펜터,2015년 03월,13500,0,14,8.7
1327,[도서],철부지 사회,가타다 다마미,2015년 03월,11700,0,4,7.0
1328,[도서],저마다의 별을 찾아서,윤혜진,2018년 10월,14220,0,47,9.2
1329,[도서],상상하기 어려운 존재에 관한 책,캐스파 헨더슨,2015년 03월,22500,0,4,9.1
1330,[도서],괴물의 심연,제임스 팰런,2015년 03월,12150,0,46,8.2
1331,[도서],자전거의 즐거움,박영준,2015년 02월,11700,0,1,8.0
1332,[도서],스노볼,박소영,2020년 10월,13320,36,142,9.3
1333,[eBook],아빠는 나무다,이태범,2015년 01월,8000,0,0,0
1334,[도서],혼자의 힘으로 가라,조셉 마셜 3세,2015년 01월,13500,0,14,8.7
1335,[도서],누구를 위하여 공부하는가 ,에르빈 바겐호퍼,2015년 01월,11700,0,20,8.4
1336,[도서],"어제가 없는 남자, HM의 기억",이민아,2014년 12월,17820,0,1,10.0
1337,[도서],서울은 어떻게 작동하는가,류동민,2014년 12월,12600,0,6,9.4
1338,[도서],철학 비타민,도마스 아키나리,2014년 12월,12420,0,8,8.6
1339,[도서],반기성 교수의 날씨 토크 토크,반기성,2014년 11월,11520,0,1,8.0
1340,[도서],인간은 언제부터 지루해했을까?,고쿠분 고이치로,2014년 10월,17100,0,7,9.3
1341,[도서],스테이트 오브 더 유니언  ,더글라스 케네디,2014년 11월,13050,24,46,8.6
1342,[도서],빨리 걸을수록 나는 더 작아진다,셰르스티 안네스다테르 스콤스볼,2014년 10월,9000,0,8,8.9
1343,[도서],"세상은, 이렇게 바꾸는 겁니다",폴 파머,2014년 10월,15300,0,7,8.7
1344,[도서],인도네시아 들여다보기,윤문한,2010년 01월,13500,0,0,0
1345,[도서],파랑이 진다,미야모토 테루,2010년 01월,11700,0,18,8.2
1346,[도서],외국어 전파담,로버트 파우저,2018년 05월,18000,0,9,8.4
1347,[도서],19분 1,조디 피콜트(조디 피코),2009년 12월,10800,0,36,9.2
1348,[도서],페기 구겐하임 자서전,페기 구겐하임,2009년 12월,9900,0,14,8.3
1349,[도서],호모 엔젤리너스,이명희,2009년 12월,11700,0,61,9.1
1350,[도서],백두대간 민속기행 2,최상일,2009년 12월,16200,0,9,9.6
1351,[도서],백두대간 민속기행 1,최상일,2009년 12월,16200,0,20,9.6
1352,[도서],어느 게으른 건축가의 디자인 탐험기,천경환,2009년 12월,13500,0,20,8.5
1353,[도서],양육쇼크,포 브론슨,2009년 11월,13320,0,143,9.1
1354,[도서],예쁜 아이,토리 헤이든,2009년 11월,13500,0,7,9.2
1355,[도서],심심할수록 똑똑해진다,마누시 조모로디,2018년 04월,13500,0,34,9.1
1356,[도서],내 심장은 멈추지 않는 엔진이다,이준엽,2009년 10월,10800,0,17,8.1
1357,[도서],명함이 있는 노후,김현기저,2014년 09월,6300,0,1,10.0
1358,[도서],안코비치 박사의 상식 카페,크리스티안 안코비치,2009년 09월,9810,0,9,8.5
1359,[도서],엄마 헌장,권영숙,2009년 08월,11520,0,19,9.1
1360,[도서],아이의 사생활,EBS 아이의 사생활 제작팀,2009년 07월,15120,0,143,9.5
1361,[도서],서비스 슈퍼스타 7,칩 벨,2009년 07월,10800,0,0,0
1362,[도서],보다,김영하,2014년 09월,10800,0,94,8.6
1363,[도서],기억은 역사를 어떻게 재현하는가,문화사학회,2017년 08월,17500,0,0,0
1364,[도서],슬로씽킹,칼 오너리,2014년 09월,13500,0,1,7.0
1365,[도서],실행력,도요다 게이치,2009년 03월,9000,0,3,7.0
1366,[도서],"나는 8살, 카카오밭에서 일해요",이와쓰키 유카,2009년 03월,8820,0,20,8.8
1367,[도서],행복한 작은학교 365일간의 기록,이길로,2009년 01월,10620,0,79,9.6
1368,[도서],하버드 시대의 종말과 학습 혁명,오강선,2020년 02월,12600,12,0,0
1369,[도서],한국사 영화관,김정미,2014년 07월,14850,0,4,9.3
1370,[도서],모모요는 아직 아흔 살,무레 요코,2018년 01월,13770,0,25,8.5
1371,[도서],생명윤리와 법의 이해  ,박수헌,2018년 01월,15000,0,1,10.0
1372,[도서],책을 지키려는 고양이,나쓰카와 소스케,2018년 01월,12600,0,99,8.9
1373,[도서],나를 위로하는 글쓰기,셰퍼드 코미나스,2018년 01월,13320,0,31,8.5
1374,[도서],디지털 세상에서 집중하는 법,프란시스 부스,2014년 06월,13500,0,30,8.9
1375,[도서],사람새끼 사람처럼 살고 싶었다 1,계절화,2007년 10월,6000,0,0,0
1376,[도서],경제학자의 문학살롱,박병률,2014년 05월,13500,0,16,8.8
1377,[도서],미래를 읽는 지식 키워드 바이오클락,러셀 포스터,2014년 06월,15300,0,7,9.2
1378,[도서],영화를 좋아하는 사람이라면 꼭 알아야 할 70가지,주성철,2014년 05월,17550,0,45,9.1
1379,[도서],나는 생각이 너무 많아,크리스텔 프티콜랭,2014년 05월,13320,0,33,8.3
1380,[도서],느리게 사는 것의 의미,피에르 쌍소,2014년 05월,11520,0,24,8.2
1381,[도서],어떻게 의욕을 끌어낼 것인가,하이디 그랜트 할버슨,2014년 05월,14400,0,54,8.9
1382,[도서],정치인의 식탁,차이쯔 창,2017년 11월,15120,12,11,9.0
1383,[도서],똑똑함의 숭배,크리스토퍼 헤이즈,2017년 11월,15750,0,0,0
1384,[도서],인플레이션,우르반 바허,2017년 10월,16200,0,67,8.2
1385,[도서],아빠라서 다행이다,잭 캔필드,2014년 05월,13320,0,7,9.2
1386,[도서],"감성두뇌, 행복한 미래를 결정한다",이민영,2014년 04월,11700,0,1,10.0
1387,[도서],살아 있는 것들은 전략이 있다,서광원,2014년 04월,13500,0,35,8.7
1388,[도서],전달의 기술 ,사사키 케이이치,2014년 04월,11700,0,27,8.4
1389,[도서],모두에게 사랑받을 필요는 없다,재키 마슨,2014년 04월,12600,0,9,9.0
1390,[도서],틀 안에서 생각하기,드루 보이드,2014년 03월,13500,0,1,10.0
1391,[도서],내일의 빛,이스마엘 베아,2014년 04월,11700,0,24,8.3
1392,[도서],인생부자들 ,조우석,2014년 03월,13320,0,6,8.2
1393,[도서],조선과학실록,이성규,2014년 03월,14400,0,46,8.7
1394,[도서],영화로 읽는 서양철학사,이창후,2014년 03월,15200,0,3,8.3
1395,[도서],요리를 욕망하다,마이클 폴란,2014년 02월,25200,0,4,9.5
1396,[도서],김병완의 초의식 독서법,김병완,2014년 02월,13500,0,44,8.7
1397,[도서],융합하라!,봅 로드,2014년 01월,13950,0,21,7.9
1398,[도서],한국의 아웃라이어들,김영상,2013년 12월,13500,0,0,0
1399,[도서],"그때, 맥주가 있었다",이상원,2017년 08월,16200,0,7,9.1
1400,[도서],뇌에 스위치를 켜다,존 엘더 로비슨,2017년 08월,16200,0,15,8.8
1401,[도서],고전으로 철학하기,이하준,2017년 07월,13500,0,2,10.0
1402,[도서],나는 왜 출근만 하면 예민해질까,머리 매킨타이어,2017년 07월,13500,0,0,0
1403,[도서],과학자의 관찰 노트,마이클 R. 캔필드,2013년 09월,21600,0,2,8.5
1404,[도서],어느 날 문득 경제공부를 해야겠다면,김경민,2019년 08월,14400,0,0,0
1405,[도서],방언정담,한성우,2013년 09월,13500,0,2,9.5
1406,[도서],비밀의 도서관,올리버 티얼,2017년 07월,16200,12,41,9.0
1407,[도서],"인생 후반, 어디서 뭐하며 어떻게 살지?",이성동,2017년 07월,14400,0,5,9.2
1408,[도서],행복의 비밀,조지 베일런트,2013년 09월,18900,0,13,9.0
1409,[도서],빵 와인 초콜릿,심란 세티,2017년 06월,17100,0,0,0
1410,[도서],갈림길에서 듣는 시골 수업,박승오,2017년 05월,14850,24,10,9.2
1411,[도서],여행과 독서,잔홍즈,2017년 05월,14400,0,14,8.0
1412,[도서],세계사를 바꾼 화산 탐보라,길런 다시 우드,2017년 04월,22500,0,1,8.0
1413,[도서],펭귄의 사생활,와타나베 유키,2017년 04월,13500,12,1,10.0
1414,[도서],알고리즘 행성 여행자들을 위한 안내서,제바스티안 슈틸러,2017년 04월,14400,24,19,8.9
1415,[도서],러브 인 프렌치,로런 콜린스,2019년 05월,13050,0,10,8.9
1416,[도서],위작의 기술,노아 차니,2017년 02월,19800,12,3,8.7
1417,[도서],헤어 HAIR,커트 스텐,2017년 01월,13500,0,9,9.0
1418,[도서],날씨가 만든 그날의 세계사,로날트 D. 게르슈테,2017년 02월,13500,0,11,8.9
1419,[도서],우울하면 좀 어때,김승기,2019년 03월,11700,0,23,9.2
1420,[도서],취향의 탄생,톰 밴더빌트,2016년 12월,13500,0,17,8.9
1421,[도서],웃음의 가격은 얼마인가,울리히 슈나벨,2016년 12월,13500,0,1,10.0
1422,[도서],피프티 피플,정세랑,2016년 11월,12600,0,107,9.1
1423,[도서],굿 라이프,마크 롤랜즈,2016년 11월,13500,0,29,8.8
1424,[도서],참모로 산다는 것,신병주,2019년 01월,17100,0,45,8.9
1425,[도서],워킹 브레인,양은우,2016년 10월,14400,0,14,8.4
1426,[도서],공간이 사람을 움직인다,콜린 엘러드,2016년 10월,15300,0,31,9.1
1427,[도서],가짜 일 vs 진짜 일,브렌트 피터슨,2016년 10월,14400,30,7,9.4
1428,[도서],잿빛 음모,존 그리샴,2015년 06월,12600,0,28,9.0
1429,,,,,,,,
1430,,,,,,,,
1431,,,,,,,,
1432,,,,,,,,
1433,,,,,,,,
1434,,,,,,,,
1435,,,,,,,,
1436,,,,,,,,
1437,,,,,,,,
1438,,,,,,,,
1439,,,,,,,,
